comp_id,loop_id,samples,percentage,total_samples
175,0,2782316,48.283929,5762406
178,0,24216,0.420241,5762406
178,1,10592,0.183812,5762406
178,3,60260,1.045744,5762406
