comp_id,loop_id,samples,percentage,total_samples
175,0,5402244,49.994577,10805660
178,0,34462,0.318925,10805660
178,1,14625,0.135346,10805660
178,3,97812,0.905192,10805660
