CompId,LoopId,Method,BuboExclusiveCyclesBaseline,BuboExclusiveCyclesSlowdown,AsyncSamplesBaseline,AsyncSamplesSlowdown,JfrSamplesBaseline,JfrSamplesSlowdown,BuboPercentChange,AsyncPercentChange,JfrPercentChange,BuboSlowdownSharePercent,AsyncSlowdownSharePercent,JfrSlowdownSharePercent,BaselineAvgUs,SlowdownAvgUs,OverheadPercent
581,3,Benchmark.innerBenchmarkLoop(int)-Re-Comp,336526955978,694435084526,5552201,14061477,5888,14473,106.35347991897497,153.25950915681906,145.80502717391303,53.285077491712315,47.58576670384464,47.6885564598504,439300,797130,81.4545868427043
581,2,Benchmark.innerBenchmarkLoop(int)-Re-Comp,330926960262,508182090172,9161735,13183882,9240,13483,53.56321823089433,43.90158632617076,45.91991341991342,38.993597325512894,44.61587734368279,44.426504991927246,439300,797130,81.4545868427043
581,4,Benchmark.innerBenchmarkLoop(int)-Re-Comp,43475932824,94531228392,1018416,2174053,1013,2261,117.43346778706947,113.47396348839767,123.19842053307009,7.253527280656689,7.3572626019154,7.449998352499258,439300,797130,81.4545868427043
