CompId,LoopId,Method,BuboExclusiveCyclesBaseline,BuboExclusiveCyclesSlowdown,AsyncSamplesBaseline,AsyncSamplesSlowdown,BuboPercentChange,AsyncPercentChange,BuboSlowdownSharePercent,AsyncSlowdownSharePercent,BaselineAvgUs,SlowdownAvgUs,OverheadPercent
159,3,Benchmark.innerBenchmarkLoop(int)-Re-Comp,372196515836,770596030110,5879132,13952390,107.04009772341495,137.3205772552819,53.9670255610055,57.181471589938994,483711,872634,80.4040015629167
159,2,Benchmark.innerBenchmarkLoop(int)-Re-Comp,363291613480,544459024464,5658211,7844965,49.86831632268706,38.64744527908203,38.13000968351019,32.1512402729257,483711,872634,80.4040015629167
159,4,Benchmark.innerBenchmarkLoop(int)-Re-Comp,48177063510,105502333092,1184311,2467268,118.98871663297024,108.32939996335422,7.38862761323716,10.111673702266465,483711,872634,80.4040015629167
