run_dir,nested_mode,benchmark,log_path,total_cycles,comp_id,comp_name,encoding,loop_id,loop_cycles
bubo_runs20_BuboNested,Nested,Bounce,/home/hb478/repos/BuboExperiments/BuboLoopObserverEffect/bubo_runs20_BuboNested/logs/Bounce_BuboOn.log,225447469756,52,java.util.ImmutableCollections$SetN$SetNIterator.next(),0:-1,0,402862
bubo_runs20_BuboNested,Nested,Bounce,/home/hb478/repos/BuboExperiments/BuboLoopObserverEffect/bubo_runs20_BuboNested/logs/Bounce_BuboOn.log,225447469756,56,"java.util.HashMap.putVal(int,",0:-1,0,9420
bubo_runs20_BuboNested,Nested,Bounce,/home/hb478/repos/BuboExperiments/BuboLoopObserverEffect/bubo_runs20_BuboNested/logs/Bounce_BuboOn.log,225447469756,57,java.lang.String.equals(Object),0:-1,0,9630
bubo_runs20_BuboNested,Nested,Bounce,/home/hb478/repos/BuboExperiments/BuboLoopObserverEffect/bubo_runs20_BuboNested/logs/Bounce_BuboOn.log,225447469756,73,java.util.HashMap.resize(),"2:-1,0:-1,1:0",0,27568
bubo_runs20_BuboNested,Nested,Bounce,/home/hb478/repos/BuboExperiments/BuboLoopObserverEffect/bubo_runs20_BuboNested/logs/Bounce_BuboOn.log,225447469756,73,java.util.HashMap.resize(),"2:-1,0:-1,1:0",1,8100
bubo_runs20_BuboNested,Nested,Bounce,/home/hb478/repos/BuboExperiments/BuboLoopObserverEffect/bubo_runs20_BuboNested/logs/Bounce_BuboOn.log,225447469756,73,java.util.HashMap.resize(),"2:-1,0:-1,1:0",2,15850
bubo_runs20_BuboNested,Nested,Bounce,/home/hb478/repos/BuboExperiments/BuboLoopObserverEffect/bubo_runs20_BuboNested/logs/Bounce_BuboOn.log,225447469756,88,java.util.Properties$LineReader.readLine(),"5:-1,3:-1,4:3,0:-1,1:0,2:1",1,243060
bubo_runs20_BuboNested,Nested,Bounce,/home/hb478/repos/BuboExperiments/BuboLoopObserverEffect/bubo_runs20_BuboNested/logs/Bounce_BuboOn.log,225447469756,88,java.util.Properties$LineReader.readLine(),"5:-1,3:-1,4:3,0:-1,1:0,2:1",2,16324
bubo_runs20_BuboNested,Nested,Bounce,/home/hb478/repos/BuboExperiments/BuboLoopObserverEffect/bubo_runs20_BuboNested/logs/Bounce_BuboOn.log,225447469756,88,java.util.Properties$LineReader.readLine(),"5:-1,3:-1,4:3,0:-1,1:0,2:1",5,514
bubo_runs20_BuboNested,Nested,Bounce,/home/hb478/repos/BuboExperiments/BuboLoopObserverEffect/bubo_runs20_BuboNested/logs/Bounce_BuboOn.log,225447469756,89,java.util.Properties$LineReader.readLine()-Re-Comp,"0:-1,1:0,2:1",0,576512
bubo_runs20_BuboNested,Nested,Bounce,/home/hb478/repos/BuboExperiments/BuboLoopObserverEffect/bubo_runs20_BuboNested/logs/Bounce_BuboOn.log,225447469756,89,java.util.Properties$LineReader.readLine()-Re-Comp,"0:-1,1:0,2:1",1,514270
bubo_runs20_BuboNested,Nested,Bounce,/home/hb478/repos/BuboExperiments/BuboLoopObserverEffect/bubo_runs20_BuboNested/logs/Bounce_BuboOn.log,225447469756,89,java.util.Properties$LineReader.readLine()-Re-Comp,"0:-1,1:0,2:1",2,143050
bubo_runs20_BuboNested,Nested,Bounce,/home/hb478/repos/BuboExperiments/BuboLoopObserverEffect/bubo_runs20_BuboNested/logs/Bounce_BuboOn.log,225447469756,92,"jdk.internal.util.ArraysSupport.unsignedHashCode(int,","0:-1,1:-1,2:-1",0,55914
bubo_runs20_BuboNested,Nested,Bounce,/home/hb478/repos/BuboExperiments/BuboLoopObserverEffect/bubo_runs20_BuboNested/logs/Bounce_BuboOn.log,225447469756,92,"jdk.internal.util.ArraysSupport.unsignedHashCode(int,","0:-1,1:-1,2:-1",1,107574
bubo_runs20_BuboNested,Nested,Bounce,/home/hb478/repos/BuboExperiments/BuboLoopObserverEffect/bubo_runs20_BuboNested/logs/Bounce_BuboOn.log,225447469756,92,"jdk.internal.util.ArraysSupport.unsignedHashCode(int,","0:-1,1:-1,2:-1",2,91496
bubo_runs20_BuboNested,Nested,Bounce,/home/hb478/repos/BuboExperiments/BuboLoopObserverEffect/bubo_runs20_BuboNested/logs/Bounce_BuboOn.log,225447469756,120,"java.lang.StringLatin1.equals(byte[],",0:-1,0,4348
bubo_runs20_BuboNested,Nested,Bounce,/home/hb478/repos/BuboExperiments/BuboLoopObserverEffect/bubo_runs20_BuboNested/logs/Bounce_BuboOn.log,225447469756,125,Bounce.benchmark(),"2:-1,0:-1,1:0",0,88334
bubo_runs20_BuboNested,Nested,Bounce,/home/hb478/repos/BuboExperiments/BuboLoopObserverEffect/bubo_runs20_BuboNested/logs/Bounce_BuboOn.log,225447469756,125,Bounce.benchmark(),"2:-1,0:-1,1:0",1,84738
bubo_runs20_BuboNested,Nested,Bounce,/home/hb478/repos/BuboExperiments/BuboLoopObserverEffect/bubo_runs20_BuboNested/logs/Bounce_BuboOn.log,225447469756,125,Bounce.benchmark(),"2:-1,0:-1,1:0",2,676
bubo_runs20_BuboNested,Nested,Bounce,/home/hb478/repos/BuboExperiments/BuboLoopObserverEffect/bubo_runs20_BuboNested/logs/Bounce_BuboOn.log,225447469756,126,Bounce.benchmark()-Re-Comp,"3:-1,2:-1,0:-1,1:0",0,210430073946
bubo_runs20_BuboNested,Nested,Bounce,/home/hb478/repos/BuboExperiments/BuboLoopObserverEffect/bubo_runs20_BuboNested/logs/Bounce_BuboOn.log,225447469756,126,Bounce.benchmark()-Re-Comp,"3:-1,2:-1,0:-1,1:0",1,193226846610
bubo_runs20_BuboNested,Nested,Bounce,/home/hb478/repos/BuboExperiments/BuboLoopObserverEffect/bubo_runs20_BuboNested/logs/Bounce_BuboOn.log,225447469756,126,Bounce.benchmark()-Re-Comp,"3:-1,2:-1,0:-1,1:0",2,12583379870
bubo_runs20_BuboNested,Nested,Bounce,/home/hb478/repos/BuboExperiments/BuboLoopObserverEffect/bubo_runs20_BuboNested/logs/Bounce_BuboOn.log,225447469756,126,Bounce.benchmark()-Re-Comp,"3:-1,2:-1,0:-1,1:0",3,587992840
bubo_runs20_BuboNested,Nested,Bounce,/home/hb478/repos/BuboExperiments/BuboLoopObserverEffect/bubo_runs20_BuboNested/logs/Bounce_BuboOn.log,225447469756,143,Benchmark.innerBenchmarkLoop(int),0:-1,0,431054044
bubo_runs20_BuboNested,Nested,Bounce,/home/hb478/repos/BuboExperiments/BuboLoopObserverEffect/bubo_runs20_BuboNested/logs/Bounce_BuboOn.log,225447469756,144,Benchmark.innerBenchmarkLoop(int)-Re-Comp,0:-1,0,223416789172
bubo_runs20_BuboNested,Nested,Bounce,/home/hb478/repos/BuboExperiments/BuboLoopObserverEffect/bubo_runs20_BuboNested/logs/Bounce_BuboOn.log,225447469756,152,"java.lang.StringLatin1.inflate(byte[],","0:-1,1:-1,2:-1",0,13476
bubo_runs20_BuboNested,Nested,Bounce,/home/hb478/repos/BuboExperiments/BuboLoopObserverEffect/bubo_runs20_BuboNested/logs/Bounce_BuboOn.log,225447469756,152,"java.lang.StringLatin1.inflate(byte[],","0:-1,1:-1,2:-1",1,21474
bubo_runs20_BuboNested,Nested,Bounce,/home/hb478/repos/BuboExperiments/BuboLoopObserverEffect/bubo_runs20_BuboNested/logs/Bounce_BuboOn.log,225447469756,152,"java.lang.StringLatin1.inflate(byte[],","0:-1,1:-1,2:-1",2,17328
bubo_runs20_BuboNested,Nested,Bounce,/home/hb478/repos/BuboExperiments/BuboLoopObserverEffect/bubo_runs20_BuboNested/logs/Bounce_BuboOn.log,225447469756,161,"java.lang.StringCoding.implEncodeAsciiArray(char[],",0:-1,0,190
bubo_runs20_BuboNested,Nested,Bounce,/home/hb478/repos/BuboExperiments/BuboLoopObserverEffect/bubo_runs20_BuboNested/logs/Bounce_BuboOn.log,225447469756,162,"java.lang.StringCoding.implEncodeAsciiArray(char[],-Re-Comp",0:-1,0,770
bubo_runs20_BuboNested,Nested,Json,/home/hb478/repos/BuboExperiments/BuboLoopObserverEffect/bubo_runs20_BuboNested/logs/Json_BuboOn.log,155288818668,52,java.util.ImmutableCollections$SetN$SetNIterator.next(),0:-1,0,376128
bubo_runs20_BuboNested,Nested,Json,/home/hb478/repos/BuboExperiments/BuboLoopObserverEffect/bubo_runs20_BuboNested/logs/Json_BuboOn.log,155288818668,56,"java.util.HashMap.putVal(int,",0:-1,0,11544
bubo_runs20_BuboNested,Nested,Json,/home/hb478/repos/BuboExperiments/BuboLoopObserverEffect/bubo_runs20_BuboNested/logs/Json_BuboOn.log,155288818668,57,java.lang.String.equals(Object),0:-1,0,9436
bubo_runs20_BuboNested,Nested,Json,/home/hb478/repos/BuboExperiments/BuboLoopObserverEffect/bubo_runs20_BuboNested/logs/Json_BuboOn.log,155288818668,69,java.util.HashMap.resize(),"2:-1,0:-1,1:0",0,26280
bubo_runs20_BuboNested,Nested,Json,/home/hb478/repos/BuboExperiments/BuboLoopObserverEffect/bubo_runs20_BuboNested/logs/Json_BuboOn.log,155288818668,69,java.util.HashMap.resize(),"2:-1,0:-1,1:0",1,7848
bubo_runs20_BuboNested,Nested,Json,/home/hb478/repos/BuboExperiments/BuboLoopObserverEffect/bubo_runs20_BuboNested/logs/Json_BuboOn.log,155288818668,69,java.util.HashMap.resize(),"2:-1,0:-1,1:0",2,17136
bubo_runs20_BuboNested,Nested,Json,/home/hb478/repos/BuboExperiments/BuboLoopObserverEffect/bubo_runs20_BuboNested/logs/Json_BuboOn.log,155288818668,88,java.util.Properties$LineReader.readLine(),"5:-1,3:-1,4:3,0:-1,1:0,2:1",1,322594
bubo_runs20_BuboNested,Nested,Json,/home/hb478/repos/BuboExperiments/BuboLoopObserverEffect/bubo_runs20_BuboNested/logs/Json_BuboOn.log,155288818668,88,java.util.Properties$LineReader.readLine(),"5:-1,3:-1,4:3,0:-1,1:0,2:1",2,16600
bubo_runs20_BuboNested,Nested,Json,/home/hb478/repos/BuboExperiments/BuboLoopObserverEffect/bubo_runs20_BuboNested/logs/Json_BuboOn.log,155288818668,88,java.util.Properties$LineReader.readLine(),"5:-1,3:-1,4:3,0:-1,1:0,2:1",5,496
bubo_runs20_BuboNested,Nested,Json,/home/hb478/repos/BuboExperiments/BuboLoopObserverEffect/bubo_runs20_BuboNested/logs/Json_BuboOn.log,155288818668,89,java.util.Properties$LineReader.readLine()-Re-Comp,"0:-1,1:0,2:1",1,4250
bubo_runs20_BuboNested,Nested,Json,/home/hb478/repos/BuboExperiments/BuboLoopObserverEffect/bubo_runs20_BuboNested/logs/Json_BuboOn.log,155288818668,89,java.util.Properties$LineReader.readLine()-Re-Comp,"0:-1,1:0,2:1",2,2246
bubo_runs20_BuboNested,Nested,Json,/home/hb478/repos/BuboExperiments/BuboLoopObserverEffect/bubo_runs20_BuboNested/logs/Json_BuboOn.log,155288818668,90,java.util.Properties$LineReader.readLine()-Re-Comp,"5:-1,3:-1,4:3,0:-1,1:0,2:1",0,49104
bubo_runs20_BuboNested,Nested,Json,/home/hb478/repos/BuboExperiments/BuboLoopObserverEffect/bubo_runs20_BuboNested/logs/Json_BuboOn.log,155288818668,90,java.util.Properties$LineReader.readLine()-Re-Comp,"5:-1,3:-1,4:3,0:-1,1:0,2:1",1,37236
bubo_runs20_BuboNested,Nested,Json,/home/hb478/repos/BuboExperiments/BuboLoopObserverEffect/bubo_runs20_BuboNested/logs/Json_BuboOn.log,155288818668,90,java.util.Properties$LineReader.readLine()-Re-Comp,"5:-1,3:-1,4:3,0:-1,1:0,2:1",2,21700
bubo_runs20_BuboNested,Nested,Json,/home/hb478/repos/BuboExperiments/BuboLoopObserverEffect/bubo_runs20_BuboNested/logs/Json_BuboOn.log,155288818668,90,java.util.Properties$LineReader.readLine()-Re-Comp,"5:-1,3:-1,4:3,0:-1,1:0,2:1",5,138
bubo_runs20_BuboNested,Nested,Json,/home/hb478/repos/BuboExperiments/BuboLoopObserverEffect/bubo_runs20_BuboNested/logs/Json_BuboOn.log,155288818668,91,java.util.Properties$LineReader.readLine()-Re-Comp,"0:-1,1:0,2:1",0,378174
bubo_runs20_BuboNested,Nested,Json,/home/hb478/repos/BuboExperiments/BuboLoopObserverEffect/bubo_runs20_BuboNested/logs/Json_BuboOn.log,155288818668,91,java.util.Properties$LineReader.readLine()-Re-Comp,"0:-1,1:0,2:1",1,449232
bubo_runs20_BuboNested,Nested,Json,/home/hb478/repos/BuboExperiments/BuboLoopObserverEffect/bubo_runs20_BuboNested/logs/Json_BuboOn.log,155288818668,91,java.util.Properties$LineReader.readLine()-Re-Comp,"0:-1,1:0,2:1",2,66510
bubo_runs20_BuboNested,Nested,Json,/home/hb478/repos/BuboExperiments/BuboLoopObserverEffect/bubo_runs20_BuboNested/logs/Json_BuboOn.log,155288818668,94,"jdk.internal.util.ArraysSupport.unsignedHashCode(int,","0:-1,1:-1,2:-1",0,59114
bubo_runs20_BuboNested,Nested,Json,/home/hb478/repos/BuboExperiments/BuboLoopObserverEffect/bubo_runs20_BuboNested/logs/Json_BuboOn.log,155288818668,94,"jdk.internal.util.ArraysSupport.unsignedHashCode(int,","0:-1,1:-1,2:-1",1,107932
bubo_runs20_BuboNested,Nested,Json,/home/hb478/repos/BuboExperiments/BuboLoopObserverEffect/bubo_runs20_BuboNested/logs/Json_BuboOn.log,155288818668,94,"jdk.internal.util.ArraysSupport.unsignedHashCode(int,","0:-1,1:-1,2:-1",2,96852
bubo_runs20_BuboNested,Nested,Json,/home/hb478/repos/BuboExperiments/BuboLoopObserverEffect/bubo_runs20_BuboNested/logs/Json_BuboOn.log,155288818668,122,"java.lang.StringLatin1.equals(byte[],",0:-1,0,260848
bubo_runs20_BuboNested,Nested,Json,/home/hb478/repos/BuboExperiments/BuboLoopObserverEffect/bubo_runs20_BuboNested/logs/Json_BuboOn.log,155288818668,127,java.lang.String.equals(Object)-Re-Comp,0:-1,0,7292404
bubo_runs20_BuboNested,Nested,Json,/home/hb478/repos/BuboExperiments/BuboLoopObserverEffect/bubo_runs20_BuboNested/logs/Json_BuboOn.log,155288818668,142,"json.JsonPureStringParser.subStringFromTo(int,","1:-1,0:-1",0,280690
bubo_runs20_BuboNested,Nested,Json,/home/hb478/repos/BuboExperiments/BuboLoopObserverEffect/bubo_runs20_BuboNested/logs/Json_BuboOn.log,155288818668,142,"json.JsonPureStringParser.subStringFromTo(int,","1:-1,0:-1",1,235574
bubo_runs20_BuboNested,Nested,Json,/home/hb478/repos/BuboExperiments/BuboLoopObserverEffect/bubo_runs20_BuboNested/logs/Json_BuboOn.log,155288818668,143,json.JsonPureStringParser.readStringInternal(),"0:-1,3:-1,2:-1,1:-1",0,27834718690
bubo_runs20_BuboNested,Nested,Json,/home/hb478/repos/BuboExperiments/BuboLoopObserverEffect/bubo_runs20_BuboNested/logs/Json_BuboOn.log,155288818668,143,json.JsonPureStringParser.readStringInternal(),"0:-1,3:-1,2:-1,1:-1",1,6692685230
bubo_runs20_BuboNested,Nested,Json,/home/hb478/repos/BuboExperiments/BuboLoopObserverEffect/bubo_runs20_BuboNested/logs/Json_BuboOn.log,155288818668,143,json.JsonPureStringParser.readStringInternal(),"0:-1,3:-1,2:-1,1:-1",3,5486216926
bubo_runs20_BuboNested,Nested,Json,/home/hb478/repos/BuboExperiments/BuboLoopObserverEffect/bubo_runs20_BuboNested/logs/Json_BuboOn.log,155288818668,154,json.JsonPureStringParser.readArray(),"3:-1,2:-1,0:-1,1:-1",0,377548082118
bubo_runs20_BuboNested,Nested,Json,/home/hb478/repos/BuboExperiments/BuboLoopObserverEffect/bubo_runs20_BuboNested/logs/Json_BuboOn.log,155288818668,154,json.JsonPureStringParser.readArray(),"3:-1,2:-1,0:-1,1:-1",1,46541676
bubo_runs20_BuboNested,Nested,Json,/home/hb478/repos/BuboExperiments/BuboLoopObserverEffect/bubo_runs20_BuboNested/logs/Json_BuboOn.log,155288818668,154,json.JsonPureStringParser.readArray(),"3:-1,2:-1,0:-1,1:-1",2,2179871840
bubo_runs20_BuboNested,Nested,Json,/home/hb478/repos/BuboExperiments/BuboLoopObserverEffect/bubo_runs20_BuboNested/logs/Json_BuboOn.log,155288818668,154,json.JsonPureStringParser.readArray(),"3:-1,2:-1,0:-1,1:-1",3,4350294
bubo_runs20_BuboNested,Nested,Json,/home/hb478/repos/BuboExperiments/BuboLoopObserverEffect/bubo_runs20_BuboNested/logs/Json_BuboOn.log,155288818668,156,json.JsonPureStringParser.endCapture(),"1:-1,0:-1",0,1981390270
bubo_runs20_BuboNested,Nested,Json,/home/hb478/repos/BuboExperiments/BuboLoopObserverEffect/bubo_runs20_BuboNested/logs/Json_BuboOn.log,155288818668,156,json.JsonPureStringParser.endCapture(),"1:-1,0:-1",1,1930350316
bubo_runs20_BuboNested,Nested,Json,/home/hb478/repos/BuboExperiments/BuboLoopObserverEffect/bubo_runs20_BuboNested/logs/Json_BuboOn.log,155288818668,157,json.JsonPureStringParser.readNumber(),0:-1,0,6784337854
bubo_runs20_BuboNested,Nested,Json,/home/hb478/repos/BuboExperiments/BuboLoopObserverEffect/bubo_runs20_BuboNested/logs/Json_BuboOn.log,155288818668,165,som.Vector.<init>(),0:-1,0,244784
bubo_runs20_BuboNested,Nested,Json,/home/hb478/repos/BuboExperiments/BuboLoopObserverEffect/bubo_runs20_BuboNested/logs/Json_BuboOn.log,155288818668,167,json.JsonPureStringParser.readObject(),"1:-1,4:-1,5:-1,0:-1,2:-1,3:-1",0,259380285806
bubo_runs20_BuboNested,Nested,Json,/home/hb478/repos/BuboExperiments/BuboLoopObserverEffect/bubo_runs20_BuboNested/logs/Json_BuboOn.log,155288818668,167,json.JsonPureStringParser.readObject(),"1:-1,4:-1,5:-1,0:-1,2:-1,3:-1",1,543042344
bubo_runs20_BuboNested,Nested,Json,/home/hb478/repos/BuboExperiments/BuboLoopObserverEffect/bubo_runs20_BuboNested/logs/Json_BuboOn.log,155288818668,167,json.JsonPureStringParser.readObject(),"1:-1,4:-1,5:-1,0:-1,2:-1,3:-1",2,65877260
bubo_runs20_BuboNested,Nested,Json,/home/hb478/repos/BuboExperiments/BuboLoopObserverEffect/bubo_runs20_BuboNested/logs/Json_BuboOn.log,155288818668,167,json.JsonPureStringParser.readObject(),"1:-1,4:-1,5:-1,0:-1,2:-1,3:-1",3,67393126
bubo_runs20_BuboNested,Nested,Json,/home/hb478/repos/BuboExperiments/BuboLoopObserverEffect/bubo_runs20_BuboNested/logs/Json_BuboOn.log,155288818668,167,json.JsonPureStringParser.readObject(),"1:-1,4:-1,5:-1,0:-1,2:-1,3:-1",4,539634518
bubo_runs20_BuboNested,Nested,Json,/home/hb478/repos/BuboExperiments/BuboLoopObserverEffect/bubo_runs20_BuboNested/logs/Json_BuboOn.log,155288818668,167,json.JsonPureStringParser.readObject(),"1:-1,4:-1,5:-1,0:-1,2:-1,3:-1",5,540031544
bubo_runs20_BuboNested,Nested,Json,/home/hb478/repos/BuboExperiments/BuboLoopObserverEffect/bubo_runs20_BuboNested/logs/Json_BuboOn.log,155288818668,192,"java.util.Arrays.copyOf(Object[],",0:-1,0,16712198
bubo_runs20_BuboNested,Nested,Json,/home/hb478/repos/BuboExperiments/BuboLoopObserverEffect/bubo_runs20_BuboNested/logs/Json_BuboOn.log,155288818668,205,Benchmark.innerBenchmarkLoop(int),0:-1,0,54642204
bubo_runs20_BuboNested,Nested,Json,/home/hb478/repos/BuboExperiments/BuboLoopObserverEffect/bubo_runs20_BuboNested/logs/Json_BuboOn.log,155288818668,206,Benchmark.innerBenchmarkLoop(int)-Re-Comp,0:-1,0,89314488388
bubo_runs20_BuboNested,Nested,Json,/home/hb478/repos/BuboExperiments/BuboLoopObserverEffect/bubo_runs20_BuboNested/logs/Json_BuboOn.log,155288818668,207,"java.lang.StringLatin1.inflate(byte[],","0:-1,1:-1,2:-1",0,10032
bubo_runs20_BuboNested,Nested,Json,/home/hb478/repos/BuboExperiments/BuboLoopObserverEffect/bubo_runs20_BuboNested/logs/Json_BuboOn.log,155288818668,207,"java.lang.StringLatin1.inflate(byte[],","0:-1,1:-1,2:-1",1,14732
bubo_runs20_BuboNested,Nested,Json,/home/hb478/repos/BuboExperiments/BuboLoopObserverEffect/bubo_runs20_BuboNested/logs/Json_BuboOn.log,155288818668,207,"java.lang.StringLatin1.inflate(byte[],","0:-1,1:-1,2:-1",2,14424
bubo_runs20_BuboNested,Nested,LoopBenchmarks,/home/hb478/repos/BuboExperiments/BuboLoopObserverEffect/bubo_runs20_BuboNested/logs/LoopBenchmarks_BuboOn.log,223362522438,52,java.util.ImmutableCollections$SetN$SetNIterator.next(),0:-1,0,372208
bubo_runs20_BuboNested,Nested,LoopBenchmarks,/home/hb478/repos/BuboExperiments/BuboLoopObserverEffect/bubo_runs20_BuboNested/logs/LoopBenchmarks_BuboOn.log,223362522438,56,"java.util.HashMap.putVal(int,",0:-1,0,11368
bubo_runs20_BuboNested,Nested,LoopBenchmarks,/home/hb478/repos/BuboExperiments/BuboLoopObserverEffect/bubo_runs20_BuboNested/logs/LoopBenchmarks_BuboOn.log,223362522438,57,java.lang.String.equals(Object),0:-1,0,9194
bubo_runs20_BuboNested,Nested,LoopBenchmarks,/home/hb478/repos/BuboExperiments/BuboLoopObserverEffect/bubo_runs20_BuboNested/logs/LoopBenchmarks_BuboOn.log,223362522438,69,java.util.HashMap.resize(),"2:-1,0:-1,1:0",0,37852
bubo_runs20_BuboNested,Nested,LoopBenchmarks,/home/hb478/repos/BuboExperiments/BuboLoopObserverEffect/bubo_runs20_BuboNested/logs/LoopBenchmarks_BuboOn.log,223362522438,69,java.util.HashMap.resize(),"2:-1,0:-1,1:0",1,10662
bubo_runs20_BuboNested,Nested,LoopBenchmarks,/home/hb478/repos/BuboExperiments/BuboLoopObserverEffect/bubo_runs20_BuboNested/logs/LoopBenchmarks_BuboOn.log,223362522438,69,java.util.HashMap.resize(),"2:-1,0:-1,1:0",2,16690
bubo_runs20_BuboNested,Nested,LoopBenchmarks,/home/hb478/repos/BuboExperiments/BuboLoopObserverEffect/bubo_runs20_BuboNested/logs/LoopBenchmarks_BuboOn.log,223362522438,88,java.util.Properties$LineReader.readLine(),"5:-1,3:-1,4:3,0:-1,1:0,2:1",1,246170
bubo_runs20_BuboNested,Nested,LoopBenchmarks,/home/hb478/repos/BuboExperiments/BuboLoopObserverEffect/bubo_runs20_BuboNested/logs/LoopBenchmarks_BuboOn.log,223362522438,88,java.util.Properties$LineReader.readLine(),"5:-1,3:-1,4:3,0:-1,1:0,2:1",2,16370
bubo_runs20_BuboNested,Nested,LoopBenchmarks,/home/hb478/repos/BuboExperiments/BuboLoopObserverEffect/bubo_runs20_BuboNested/logs/LoopBenchmarks_BuboOn.log,223362522438,88,java.util.Properties$LineReader.readLine(),"5:-1,3:-1,4:3,0:-1,1:0,2:1",5,500
bubo_runs20_BuboNested,Nested,LoopBenchmarks,/home/hb478/repos/BuboExperiments/BuboLoopObserverEffect/bubo_runs20_BuboNested/logs/LoopBenchmarks_BuboOn.log,223362522438,89,java.util.Properties$LineReader.readLine()-Re-Comp,"0:-1,1:0,2:1",0,551234
bubo_runs20_BuboNested,Nested,LoopBenchmarks,/home/hb478/repos/BuboExperiments/BuboLoopObserverEffect/bubo_runs20_BuboNested/logs/LoopBenchmarks_BuboOn.log,223362522438,89,java.util.Properties$LineReader.readLine()-Re-Comp,"0:-1,1:0,2:1",1,493786
bubo_runs20_BuboNested,Nested,LoopBenchmarks,/home/hb478/repos/BuboExperiments/BuboLoopObserverEffect/bubo_runs20_BuboNested/logs/LoopBenchmarks_BuboOn.log,223362522438,89,java.util.Properties$LineReader.readLine()-Re-Comp,"0:-1,1:0,2:1",2,142850
bubo_runs20_BuboNested,Nested,LoopBenchmarks,/home/hb478/repos/BuboExperiments/BuboLoopObserverEffect/bubo_runs20_BuboNested/logs/LoopBenchmarks_BuboOn.log,223362522438,92,"jdk.internal.util.ArraysSupport.unsignedHashCode(int,","0:-1,1:-1,2:-1",0,117700
bubo_runs20_BuboNested,Nested,LoopBenchmarks,/home/hb478/repos/BuboExperiments/BuboLoopObserverEffect/bubo_runs20_BuboNested/logs/LoopBenchmarks_BuboOn.log,223362522438,92,"jdk.internal.util.ArraysSupport.unsignedHashCode(int,","0:-1,1:-1,2:-1",1,157902
bubo_runs20_BuboNested,Nested,LoopBenchmarks,/home/hb478/repos/BuboExperiments/BuboLoopObserverEffect/bubo_runs20_BuboNested/logs/LoopBenchmarks_BuboOn.log,223362522438,92,"jdk.internal.util.ArraysSupport.unsignedHashCode(int,","0:-1,1:-1,2:-1",2,172352
bubo_runs20_BuboNested,Nested,LoopBenchmarks,/home/hb478/repos/BuboExperiments/BuboLoopObserverEffect/bubo_runs20_BuboNested/logs/LoopBenchmarks_BuboOn.log,223362522438,122,LoopBenchmarks.fibonacciLoop(int),"0:-1,1:-1,2:-1",0,112
bubo_runs20_BuboNested,Nested,LoopBenchmarks,/home/hb478/repos/BuboExperiments/BuboLoopObserverEffect/bubo_runs20_BuboNested/logs/LoopBenchmarks_BuboOn.log,223362522438,122,LoopBenchmarks.fibonacciLoop(int),"0:-1,1:-1,2:-1",1,9662
bubo_runs20_BuboNested,Nested,LoopBenchmarks,/home/hb478/repos/BuboExperiments/BuboLoopObserverEffect/bubo_runs20_BuboNested/logs/LoopBenchmarks_BuboOn.log,223362522438,122,LoopBenchmarks.fibonacciLoop(int),"0:-1,1:-1,2:-1",2,144
bubo_runs20_BuboNested,Nested,LoopBenchmarks,/home/hb478/repos/BuboExperiments/BuboLoopObserverEffect/bubo_runs20_BuboNested/logs/LoopBenchmarks_BuboOn.log,223362522438,123,LoopBenchmarks.fibonacciLoop(int)-Re-Comp,"0:-1,1:-1,2:-1",0,1329754
bubo_runs20_BuboNested,Nested,LoopBenchmarks,/home/hb478/repos/BuboExperiments/BuboLoopObserverEffect/bubo_runs20_BuboNested/logs/LoopBenchmarks_BuboOn.log,223362522438,123,LoopBenchmarks.fibonacciLoop(int)-Re-Comp,"0:-1,1:-1,2:-1",1,207231170
bubo_runs20_BuboNested,Nested,LoopBenchmarks,/home/hb478/repos/BuboExperiments/BuboLoopObserverEffect/bubo_runs20_BuboNested/logs/LoopBenchmarks_BuboOn.log,223362522438,123,LoopBenchmarks.fibonacciLoop(int)-Re-Comp,"0:-1,1:-1,2:-1",2,1770490
bubo_runs20_BuboNested,Nested,LoopBenchmarks,/home/hb478/repos/BuboExperiments/BuboLoopObserverEffect/bubo_runs20_BuboNested/logs/LoopBenchmarks_BuboOn.log,223362522438,124,LoopBenchmarks.main(String[]),"1:-1,3:-1,4:-1,0:-1,2:0,5:0,6:0",0,14832756500
bubo_runs20_BuboNested,Nested,LoopBenchmarks,/home/hb478/repos/BuboExperiments/BuboLoopObserverEffect/bubo_runs20_BuboNested/logs/LoopBenchmarks_BuboOn.log,223362522438,124,LoopBenchmarks.main(String[]),"1:-1,3:-1,4:-1,0:-1,2:0,5:0,6:0",1,98
bubo_runs20_BuboNested,Nested,LoopBenchmarks,/home/hb478/repos/BuboExperiments/BuboLoopObserverEffect/bubo_runs20_BuboNested/logs/LoopBenchmarks_BuboOn.log,223362522438,124,LoopBenchmarks.main(String[]),"1:-1,3:-1,4:-1,0:-1,2:0,5:0,6:0",2,80998294
bubo_runs20_BuboNested,Nested,LoopBenchmarks,/home/hb478/repos/BuboExperiments/BuboLoopObserverEffect/bubo_runs20_BuboNested/logs/LoopBenchmarks_BuboOn.log,223362522438,124,LoopBenchmarks.main(String[]),"1:-1,3:-1,4:-1,0:-1,2:0,5:0,6:0",3,10108
bubo_runs20_BuboNested,Nested,LoopBenchmarks,/home/hb478/repos/BuboExperiments/BuboLoopObserverEffect/bubo_runs20_BuboNested/logs/LoopBenchmarks_BuboOn.log,223362522438,124,LoopBenchmarks.main(String[]),"1:-1,3:-1,4:-1,0:-1,2:0,5:0,6:0",4,118
bubo_runs20_BuboNested,Nested,LoopBenchmarks,/home/hb478/repos/BuboExperiments/BuboLoopObserverEffect/bubo_runs20_BuboNested/logs/LoopBenchmarks_BuboOn.log,223362522438,124,LoopBenchmarks.main(String[]),"1:-1,3:-1,4:-1,0:-1,2:0,5:0,6:0",5,14344590816
bubo_runs20_BuboNested,Nested,LoopBenchmarks,/home/hb478/repos/BuboExperiments/BuboLoopObserverEffect/bubo_runs20_BuboNested/logs/LoopBenchmarks_BuboOn.log,223362522438,124,LoopBenchmarks.main(String[]),"1:-1,3:-1,4:-1,0:-1,2:0,5:0,6:0",6,127726540
bubo_runs20_BuboNested,Nested,LoopBenchmarks,/home/hb478/repos/BuboExperiments/BuboLoopObserverEffect/bubo_runs20_BuboNested/logs/LoopBenchmarks_BuboOn.log,223362522438,127,"java.lang.StringLatin1.equals(byte[],",0:-1,0,22760
bubo_runs20_BuboNested,Nested,LoopBenchmarks,/home/hb478/repos/BuboExperiments/BuboLoopObserverEffect/bubo_runs20_BuboNested/logs/LoopBenchmarks_BuboOn.log,223362522438,137,"java.util.regex.Pattern$BmpCharPropertyGreedy.match(Matcher,",0:-1,0,9234
bubo_runs20_BuboNested,Nested,LoopBenchmarks,/home/hb478/repos/BuboExperiments/BuboLoopObserverEffect/bubo_runs20_BuboNested/logs/LoopBenchmarks_BuboOn.log,223362522438,142,"LoopBenchmarks.mandelbrotLoop(double,",0:-1,0,2746376
bubo_runs20_BuboNested,Nested,LoopBenchmarks,/home/hb478/repos/BuboExperiments/BuboLoopObserverEffect/bubo_runs20_BuboNested/logs/LoopBenchmarks_BuboOn.log,223362522438,143,LoopBenchmarks.main(String[])-Re-Comp,"3:-1,2:-1,4:2,0:-1,1:0,5:1",0,15215858
bubo_runs20_BuboNested,Nested,LoopBenchmarks,/home/hb478/repos/BuboExperiments/BuboLoopObserverEffect/bubo_runs20_BuboNested/logs/LoopBenchmarks_BuboOn.log,223362522438,143,LoopBenchmarks.main(String[])-Re-Comp,"3:-1,2:-1,4:2,0:-1,1:0,5:1",1,15146414
bubo_runs20_BuboNested,Nested,LoopBenchmarks,/home/hb478/repos/BuboExperiments/BuboLoopObserverEffect/bubo_runs20_BuboNested/logs/LoopBenchmarks_BuboOn.log,223362522438,143,LoopBenchmarks.main(String[])-Re-Comp,"3:-1,2:-1,4:2,0:-1,1:0,5:1",2,167236
bubo_runs20_BuboNested,Nested,LoopBenchmarks,/home/hb478/repos/BuboExperiments/BuboLoopObserverEffect/bubo_runs20_BuboNested/logs/LoopBenchmarks_BuboOn.log,223362522438,143,LoopBenchmarks.main(String[])-Re-Comp,"3:-1,2:-1,4:2,0:-1,1:0,5:1",3,126
bubo_runs20_BuboNested,Nested,LoopBenchmarks,/home/hb478/repos/BuboExperiments/BuboLoopObserverEffect/bubo_runs20_BuboNested/logs/LoopBenchmarks_BuboOn.log,223362522438,143,LoopBenchmarks.main(String[])-Re-Comp,"3:-1,2:-1,4:2,0:-1,1:0,5:1",4,87874
bubo_runs20_BuboNested,Nested,LoopBenchmarks,/home/hb478/repos/BuboExperiments/BuboLoopObserverEffect/bubo_runs20_BuboNested/logs/LoopBenchmarks_BuboOn.log,223362522438,143,LoopBenchmarks.main(String[])-Re-Comp,"3:-1,2:-1,4:2,0:-1,1:0,5:1",5,8209962
bubo_runs20_BuboNested,Nested,LoopBenchmarks,/home/hb478/repos/BuboExperiments/BuboLoopObserverEffect/bubo_runs20_BuboNested/logs/LoopBenchmarks_BuboOn.log,223362522438,145,LoopBenchmarks.main(String[])-Re-Comp,"3:-1,2:-1,4:2,0:-1,1:0,5:1",0,351056278
bubo_runs20_BuboNested,Nested,LoopBenchmarks,/home/hb478/repos/BuboExperiments/BuboLoopObserverEffect/bubo_runs20_BuboNested/logs/LoopBenchmarks_BuboOn.log,223362522438,145,LoopBenchmarks.main(String[])-Re-Comp,"3:-1,2:-1,4:2,0:-1,1:0,5:1",1,350960520
bubo_runs20_BuboNested,Nested,LoopBenchmarks,/home/hb478/repos/BuboExperiments/BuboLoopObserverEffect/bubo_runs20_BuboNested/logs/LoopBenchmarks_BuboOn.log,223362522438,145,LoopBenchmarks.main(String[])-Re-Comp,"3:-1,2:-1,4:2,0:-1,1:0,5:1",2,112292
bubo_runs20_BuboNested,Nested,LoopBenchmarks,/home/hb478/repos/BuboExperiments/BuboLoopObserverEffect/bubo_runs20_BuboNested/logs/LoopBenchmarks_BuboOn.log,223362522438,145,LoopBenchmarks.main(String[])-Re-Comp,"3:-1,2:-1,4:2,0:-1,1:0,5:1",3,228
bubo_runs20_BuboNested,Nested,LoopBenchmarks,/home/hb478/repos/BuboExperiments/BuboLoopObserverEffect/bubo_runs20_BuboNested/logs/LoopBenchmarks_BuboOn.log,223362522438,145,LoopBenchmarks.main(String[])-Re-Comp,"3:-1,2:-1,4:2,0:-1,1:0,5:1",4,56340
bubo_runs20_BuboNested,Nested,LoopBenchmarks,/home/hb478/repos/BuboExperiments/BuboLoopObserverEffect/bubo_runs20_BuboNested/logs/LoopBenchmarks_BuboOn.log,223362522438,145,LoopBenchmarks.main(String[])-Re-Comp,"3:-1,2:-1,4:2,0:-1,1:0,5:1",5,198868990
bubo_runs20_BuboNested,Nested,LoopBenchmarks,/home/hb478/repos/BuboExperiments/BuboLoopObserverEffect/bubo_runs20_BuboNested/logs/LoopBenchmarks_BuboOn.log,223362522438,146,LoopBenchmarks.main(String[])-Re-Comp,"6:-1,5:-1,7:5,3:-1,4:3,8:4,0:-1,1:0,2:1,9:2",0,27411447662
bubo_runs20_BuboNested,Nested,LoopBenchmarks,/home/hb478/repos/BuboExperiments/BuboLoopObserverEffect/bubo_runs20_BuboNested/logs/LoopBenchmarks_BuboOn.log,223362522438,146,LoopBenchmarks.main(String[])-Re-Comp,"6:-1,5:-1,7:5,3:-1,4:3,8:4,0:-1,1:0,2:1,9:2",1,27411438568
bubo_runs20_BuboNested,Nested,LoopBenchmarks,/home/hb478/repos/BuboExperiments/BuboLoopObserverEffect/bubo_runs20_BuboNested/logs/LoopBenchmarks_BuboOn.log,223362522438,146,LoopBenchmarks.main(String[])-Re-Comp,"6:-1,5:-1,7:5,3:-1,4:3,8:4,0:-1,1:0,2:1,9:2",2,27403561670
bubo_runs20_BuboNested,Nested,LoopBenchmarks,/home/hb478/repos/BuboExperiments/BuboLoopObserverEffect/bubo_runs20_BuboNested/logs/LoopBenchmarks_BuboOn.log,223362522438,146,LoopBenchmarks.main(String[])-Re-Comp,"6:-1,5:-1,7:5,3:-1,4:3,8:4,0:-1,1:0,2:1,9:2",3,363275010
bubo_runs20_BuboNested,Nested,LoopBenchmarks,/home/hb478/repos/BuboExperiments/BuboLoopObserverEffect/bubo_runs20_BuboNested/logs/LoopBenchmarks_BuboOn.log,223362522438,146,LoopBenchmarks.main(String[])-Re-Comp,"6:-1,5:-1,7:5,3:-1,4:3,8:4,0:-1,1:0,2:1,9:2",4,363170752
bubo_runs20_BuboNested,Nested,LoopBenchmarks,/home/hb478/repos/BuboExperiments/BuboLoopObserverEffect/bubo_runs20_BuboNested/logs/LoopBenchmarks_BuboOn.log,223362522438,146,LoopBenchmarks.main(String[])-Re-Comp,"6:-1,5:-1,7:5,3:-1,4:3,8:4,0:-1,1:0,2:1,9:2",5,181392
bubo_runs20_BuboNested,Nested,LoopBenchmarks,/home/hb478/repos/BuboExperiments/BuboLoopObserverEffect/bubo_runs20_BuboNested/logs/LoopBenchmarks_BuboOn.log,223362522438,146,LoopBenchmarks.main(String[])-Re-Comp,"6:-1,5:-1,7:5,3:-1,4:3,8:4,0:-1,1:0,2:1,9:2",6,136
bubo_runs20_BuboNested,Nested,LoopBenchmarks,/home/hb478/repos/BuboExperiments/BuboLoopObserverEffect/bubo_runs20_BuboNested/logs/LoopBenchmarks_BuboOn.log,223362522438,146,LoopBenchmarks.main(String[])-Re-Comp,"6:-1,5:-1,7:5,3:-1,4:3,8:4,0:-1,1:0,2:1,9:2",7,97438
bubo_runs20_BuboNested,Nested,LoopBenchmarks,/home/hb478/repos/BuboExperiments/BuboLoopObserverEffect/bubo_runs20_BuboNested/logs/LoopBenchmarks_BuboOn.log,223362522438,146,LoopBenchmarks.main(String[])-Re-Comp,"6:-1,5:-1,7:5,3:-1,4:3,8:4,0:-1,1:0,2:1,9:2",8,208353206
bubo_runs20_BuboNested,Nested,LoopBenchmarks,/home/hb478/repos/BuboExperiments/BuboLoopObserverEffect/bubo_runs20_BuboNested/logs/LoopBenchmarks_BuboOn.log,223362522438,146,LoopBenchmarks.main(String[])-Re-Comp,"6:-1,5:-1,7:5,3:-1,4:3,8:4,0:-1,1:0,2:1,9:2",9,15728728470
bubo_runs20_BuboNested,Nested,LoopBenchmarks,/home/hb478/repos/BuboExperiments/BuboLoopObserverEffect/bubo_runs20_BuboNested/logs/LoopBenchmarks_BuboOn.log,223362522438,148,LoopBenchmarks.main(String[])-Re-Comp,0:-1,0,5125334
bubo_runs20_BuboNested,Nested,LoopBenchmarks,/home/hb478/repos/BuboExperiments/BuboLoopObserverEffect/bubo_runs20_BuboNested/logs/LoopBenchmarks_BuboOn.log,223362522438,149,LoopBenchmarks.parseJsonLoop(char[]),0:-1,0,2346360
bubo_runs20_BuboNested,Nested,LoopBenchmarks,/home/hb478/repos/BuboExperiments/BuboLoopObserverEffect/bubo_runs20_BuboNested/logs/LoopBenchmarks_BuboOn.log,223362522438,150,LoopBenchmarks.parseJsonLoop(char[])-Re-Comp,0:-1,0,12887362934
bubo_runs20_BuboNested,Nested,LoopBenchmarks,/home/hb478/repos/BuboExperiments/BuboLoopObserverEffect/bubo_runs20_BuboNested/logs/LoopBenchmarks_BuboOn.log,223362522438,151,LoopBenchmarks.main(String[])-Re-Comp,"2:-1,3:-1,4:-1,0:-1,1:0",0,31766
bubo_runs20_BuboNested,Nested,LoopBenchmarks,/home/hb478/repos/BuboExperiments/BuboLoopObserverEffect/bubo_runs20_BuboNested/logs/LoopBenchmarks_BuboOn.log,223362522438,151,LoopBenchmarks.main(String[])-Re-Comp,"2:-1,3:-1,4:-1,0:-1,1:0",1,29108
bubo_runs20_BuboNested,Nested,LoopBenchmarks,/home/hb478/repos/BuboExperiments/BuboLoopObserverEffect/bubo_runs20_BuboNested/logs/LoopBenchmarks_BuboOn.log,223362522438,151,LoopBenchmarks.main(String[])-Re-Comp,"2:-1,3:-1,4:-1,0:-1,1:0",2,78
bubo_runs20_BuboNested,Nested,LoopBenchmarks,/home/hb478/repos/BuboExperiments/BuboLoopObserverEffect/bubo_runs20_BuboNested/logs/LoopBenchmarks_BuboOn.log,223362522438,151,LoopBenchmarks.main(String[])-Re-Comp,"2:-1,3:-1,4:-1,0:-1,1:0",3,118
bubo_runs20_BuboNested,Nested,LoopBenchmarks,/home/hb478/repos/BuboExperiments/BuboLoopObserverEffect/bubo_runs20_BuboNested/logs/LoopBenchmarks_BuboOn.log,223362522438,151,LoopBenchmarks.main(String[])-Re-Comp,"2:-1,3:-1,4:-1,0:-1,1:0",4,120
bubo_runs20_BuboNested,Nested,LoopBenchmarks,/home/hb478/repos/BuboExperiments/BuboLoopObserverEffect/bubo_runs20_BuboNested/logs/LoopBenchmarks_BuboOn.log,223362522438,152,"LoopBenchmarks.matrixMultiplyLoop(double[][],","5:-1,3:-1,4:3,0:-1,1:0,2:1",0,9719370
bubo_runs20_BuboNested,Nested,LoopBenchmarks,/home/hb478/repos/BuboExperiments/BuboLoopObserverEffect/bubo_runs20_BuboNested/logs/LoopBenchmarks_BuboOn.log,223362522438,152,"LoopBenchmarks.matrixMultiplyLoop(double[][],","5:-1,3:-1,4:3,0:-1,1:0,2:1",1,9710548
bubo_runs20_BuboNested,Nested,LoopBenchmarks,/home/hb478/repos/BuboExperiments/BuboLoopObserverEffect/bubo_runs20_BuboNested/logs/LoopBenchmarks_BuboOn.log,223362522438,152,"LoopBenchmarks.matrixMultiplyLoop(double[][],","5:-1,3:-1,4:3,0:-1,1:0,2:1",2,8558554
bubo_runs20_BuboNested,Nested,LoopBenchmarks,/home/hb478/repos/BuboExperiments/BuboLoopObserverEffect/bubo_runs20_BuboNested/logs/LoopBenchmarks_BuboOn.log,223362522438,152,"LoopBenchmarks.matrixMultiplyLoop(double[][],","5:-1,3:-1,4:3,0:-1,1:0,2:1",3,93582
bubo_runs20_BuboNested,Nested,LoopBenchmarks,/home/hb478/repos/BuboExperiments/BuboLoopObserverEffect/bubo_runs20_BuboNested/logs/LoopBenchmarks_BuboOn.log,223362522438,152,"LoopBenchmarks.matrixMultiplyLoop(double[][],","5:-1,3:-1,4:3,0:-1,1:0,2:1",4,85796
bubo_runs20_BuboNested,Nested,LoopBenchmarks,/home/hb478/repos/BuboExperiments/BuboLoopObserverEffect/bubo_runs20_BuboNested/logs/LoopBenchmarks_BuboOn.log,223362522438,152,"LoopBenchmarks.matrixMultiplyLoop(double[][],","5:-1,3:-1,4:3,0:-1,1:0,2:1",5,1294
bubo_runs20_BuboNested,Nested,LoopBenchmarks,/home/hb478/repos/BuboExperiments/BuboLoopObserverEffect/bubo_runs20_BuboNested/logs/LoopBenchmarks_BuboOn.log,223362522438,153,"LoopBenchmarks.matrixMultiplyLoop(double[][],-Re-Comp","0:-1,1:0,2:1",0,13072155024
bubo_runs20_BuboNested,Nested,LoopBenchmarks,/home/hb478/repos/BuboExperiments/BuboLoopObserverEffect/bubo_runs20_BuboNested/logs/LoopBenchmarks_BuboOn.log,223362522438,153,"LoopBenchmarks.matrixMultiplyLoop(double[][],-Re-Comp","0:-1,1:0,2:1",1,13058368750
bubo_runs20_BuboNested,Nested,LoopBenchmarks,/home/hb478/repos/BuboExperiments/BuboLoopObserverEffect/bubo_runs20_BuboNested/logs/LoopBenchmarks_BuboOn.log,223362522438,153,"LoopBenchmarks.matrixMultiplyLoop(double[][],-Re-Comp","0:-1,1:0,2:1",2,11659695676
bubo_runs20_BuboNested,Nested,LoopBenchmarks,/home/hb478/repos/BuboExperiments/BuboLoopObserverEffect/bubo_runs20_BuboNested/logs/LoopBenchmarks_BuboOn.log,223362522438,155,"LoopBenchmarks.sieveLoop(boolean[],","0:-1,1:-1,2:-1",0,74
bubo_runs20_BuboNested,Nested,LoopBenchmarks,/home/hb478/repos/BuboExperiments/BuboLoopObserverEffect/bubo_runs20_BuboNested/logs/LoopBenchmarks_BuboOn.log,223362522438,156,"LoopBenchmarks.sieveLoop(boolean[],-Re-Comp","0:-1,4:-1,5:-1,1:-1,2:1,3:-1",0,28090
bubo_runs20_BuboNested,Nested,LoopBenchmarks,/home/hb478/repos/BuboExperiments/BuboLoopObserverEffect/bubo_runs20_BuboNested/logs/LoopBenchmarks_BuboOn.log,223362522438,156,"LoopBenchmarks.sieveLoop(boolean[],-Re-Comp","0:-1,4:-1,5:-1,1:-1,2:1,3:-1",1,6413032362
bubo_runs20_BuboNested,Nested,LoopBenchmarks,/home/hb478/repos/BuboExperiments/BuboLoopObserverEffect/bubo_runs20_BuboNested/logs/LoopBenchmarks_BuboOn.log,223362522438,156,"LoopBenchmarks.sieveLoop(boolean[],-Re-Comp","0:-1,4:-1,5:-1,1:-1,2:1,3:-1",2,6367143140
bubo_runs20_BuboNested,Nested,LoopBenchmarks,/home/hb478/repos/BuboExperiments/BuboLoopObserverEffect/bubo_runs20_BuboNested/logs/LoopBenchmarks_BuboOn.log,223362522438,156,"LoopBenchmarks.sieveLoop(boolean[],-Re-Comp","0:-1,4:-1,5:-1,1:-1,2:1,3:-1",3,4009378116
bubo_runs20_BuboNested,Nested,LoopBenchmarks,/home/hb478/repos/BuboExperiments/BuboLoopObserverEffect/bubo_runs20_BuboNested/logs/LoopBenchmarks_BuboOn.log,223362522438,156,"LoopBenchmarks.sieveLoop(boolean[],-Re-Comp","0:-1,4:-1,5:-1,1:-1,2:1,3:-1",4,986345436
bubo_runs20_BuboNested,Nested,LoopBenchmarks,/home/hb478/repos/BuboExperiments/BuboLoopObserverEffect/bubo_runs20_BuboNested/logs/LoopBenchmarks_BuboOn.log,223362522438,156,"LoopBenchmarks.sieveLoop(boolean[],-Re-Comp","0:-1,4:-1,5:-1,1:-1,2:1,3:-1",5,42300
bubo_runs20_BuboNested,Nested,LoopBenchmarks,/home/hb478/repos/BuboExperiments/BuboLoopObserverEffect/bubo_runs20_BuboNested/logs/LoopBenchmarks_BuboOn.log,223362522438,157,"LoopBenchmarks.sieveLoop(boolean[],-Re-Comp",0:-1,0,1704260
bubo_runs20_BuboNested,Nested,LoopBenchmarks,/home/hb478/repos/BuboExperiments/BuboLoopObserverEffect/bubo_runs20_BuboNested/logs/LoopBenchmarks_BuboOn.log,223362522438,158,"LoopBenchmarks.sieveLoop(boolean[],-Re-Comp","1:-1,0:-1,2:0",0,96
bubo_runs20_BuboNested,Nested,LoopBenchmarks,/home/hb478/repos/BuboExperiments/BuboLoopObserverEffect/bubo_runs20_BuboNested/logs/LoopBenchmarks_BuboOn.log,223362522438,158,"LoopBenchmarks.sieveLoop(boolean[],-Re-Comp","1:-1,0:-1,2:0",1,1119226
bubo_runs20_BuboNested,Nested,LoopBenchmarks,/home/hb478/repos/BuboExperiments/BuboLoopObserverEffect/bubo_runs20_BuboNested/logs/LoopBenchmarks_BuboOn.log,223362522438,159,"LoopBenchmarks.sieveLoop(boolean[],-Re-Comp","1:-1,0:-1,2:0",0,8450308
bubo_runs20_BuboNested,Nested,LoopBenchmarks,/home/hb478/repos/BuboExperiments/BuboLoopObserverEffect/bubo_runs20_BuboNested/logs/LoopBenchmarks_BuboOn.log,223362522438,159,"LoopBenchmarks.sieveLoop(boolean[],-Re-Comp","1:-1,0:-1,2:0",1,673352
bubo_runs20_BuboNested,Nested,LoopBenchmarks,/home/hb478/repos/BuboExperiments/BuboLoopObserverEffect/bubo_runs20_BuboNested/logs/LoopBenchmarks_BuboOn.log,223362522438,159,"LoopBenchmarks.sieveLoop(boolean[],-Re-Comp","1:-1,0:-1,2:0",2,8358364
bubo_runs20_BuboNested,Nested,LoopBenchmarks,/home/hb478/repos/BuboExperiments/BuboLoopObserverEffect/bubo_runs20_BuboNested/logs/LoopBenchmarks_BuboOn.log,223362522438,160,"LoopBenchmarks.sieveLoop(boolean[],-Re-Comp",0:-1,0,6896334
bubo_runs20_BuboNested,Nested,LoopBenchmarks,/home/hb478/repos/BuboExperiments/BuboLoopObserverEffect/bubo_runs20_BuboNested/logs/LoopBenchmarks_BuboOn.log,223362522438,161,LoopBenchmarks.main(String[])-Re-Comp,"0:-1,1:-1,2:-1",0,80
bubo_runs20_BuboNested,Nested,LoopBenchmarks,/home/hb478/repos/BuboExperiments/BuboLoopObserverEffect/bubo_runs20_BuboNested/logs/LoopBenchmarks_BuboOn.log,223362522438,162,"LoopBenchmarks.histogramLoop(int[],",0:-1,0,461916
bubo_runs20_BuboNested,Nested,LoopBenchmarks,/home/hb478/repos/BuboExperiments/BuboLoopObserverEffect/bubo_runs20_BuboNested/logs/LoopBenchmarks_BuboOn.log,223362522438,163,"LoopBenchmarks.histogramLoop(int[],-Re-Comp","0:-1,1:-1",0,189594
bubo_runs20_BuboNested,Nested,LoopBenchmarks,/home/hb478/repos/BuboExperiments/BuboLoopObserverEffect/bubo_runs20_BuboNested/logs/LoopBenchmarks_BuboOn.log,223362522438,163,"LoopBenchmarks.histogramLoop(int[],-Re-Comp","0:-1,1:-1",1,8831602252
bubo_runs20_BuboNested,Nested,LoopBenchmarks,/home/hb478/repos/BuboExperiments/BuboLoopObserverEffect/bubo_runs20_BuboNested/logs/LoopBenchmarks_BuboOn.log,223362522438,164,"LoopBenchmarks.histogramLoop(int[],-Re-Comp",0:-1,0,28169006
bubo_runs20_BuboNested,Nested,LoopBenchmarks,/home/hb478/repos/BuboExperiments/BuboLoopObserverEffect/bubo_runs20_BuboNested/logs/LoopBenchmarks_BuboOn.log,223362522438,165,LoopBenchmarks.main(String[])-Re-Comp,"0:-1,1:-1,2:-1",0,74
bubo_runs20_BuboNested,Nested,LoopBenchmarks,/home/hb478/repos/BuboExperiments/BuboLoopObserverEffect/bubo_runs20_BuboNested/logs/LoopBenchmarks_BuboOn.log,223362522438,166,LoopBenchmarks.crc32Loop(byte[]),"1:-1,0:-1",0,23406272
bubo_runs20_BuboNested,Nested,LoopBenchmarks,/home/hb478/repos/BuboExperiments/BuboLoopObserverEffect/bubo_runs20_BuboNested/logs/LoopBenchmarks_BuboOn.log,223362522438,166,LoopBenchmarks.crc32Loop(byte[]),"1:-1,0:-1",1,96
bubo_runs20_BuboNested,Nested,LoopBenchmarks,/home/hb478/repos/BuboExperiments/BuboLoopObserverEffect/bubo_runs20_BuboNested/logs/LoopBenchmarks_BuboOn.log,223362522438,167,LoopBenchmarks.crc32Loop(byte[])-Re-Comp,0:-1,0,31465696068
bubo_runs20_BuboNested,Nested,LoopBenchmarks,/home/hb478/repos/BuboExperiments/BuboLoopObserverEffect/bubo_runs20_BuboNested/logs/LoopBenchmarks_BuboOn.log,223362522438,168,"LoopBenchmarks.polynomialLoop(double[],","0:-1,1:-1,2:-1",0,126
bubo_runs20_BuboNested,Nested,LoopBenchmarks,/home/hb478/repos/BuboExperiments/BuboLoopObserverEffect/bubo_runs20_BuboNested/logs/LoopBenchmarks_BuboOn.log,223362522438,168,"LoopBenchmarks.polynomialLoop(double[],","0:-1,1:-1,2:-1",1,23934
bubo_runs20_BuboNested,Nested,LoopBenchmarks,/home/hb478/repos/BuboExperiments/BuboLoopObserverEffect/bubo_runs20_BuboNested/logs/LoopBenchmarks_BuboOn.log,223362522438,168,"LoopBenchmarks.polynomialLoop(double[],","0:-1,1:-1,2:-1",2,412
bubo_runs20_BuboNested,Nested,LoopBenchmarks,/home/hb478/repos/BuboExperiments/BuboLoopObserverEffect/bubo_runs20_BuboNested/logs/LoopBenchmarks_BuboOn.log,223362522438,169,"LoopBenchmarks.polynomialLoop(double[],-Re-Comp","0:-1,1:-1,2:-1",0,974864
bubo_runs20_BuboNested,Nested,LoopBenchmarks,/home/hb478/repos/BuboExperiments/BuboLoopObserverEffect/bubo_runs20_BuboNested/logs/LoopBenchmarks_BuboOn.log,223362522438,169,"LoopBenchmarks.polynomialLoop(double[],-Re-Comp","0:-1,1:-1,2:-1",1,214124728
bubo_runs20_BuboNested,Nested,LoopBenchmarks,/home/hb478/repos/BuboExperiments/BuboLoopObserverEffect/bubo_runs20_BuboNested/logs/LoopBenchmarks_BuboOn.log,223362522438,169,"LoopBenchmarks.polynomialLoop(double[],-Re-Comp","0:-1,1:-1,2:-1",2,847932
bubo_runs20_BuboNested,Nested,LoopBenchmarks,/home/hb478/repos/BuboExperiments/BuboLoopObserverEffect/bubo_runs20_BuboNested/logs/LoopBenchmarks_BuboOn.log,223362522438,170,LoopBenchmarks.main(String[])-Re-Comp,"1:-1,3:-1,4:-1,0:-1,2:0",0,9781244980
bubo_runs20_BuboNested,Nested,LoopBenchmarks,/home/hb478/repos/BuboExperiments/BuboLoopObserverEffect/bubo_runs20_BuboNested/logs/LoopBenchmarks_BuboOn.log,223362522438,170,LoopBenchmarks.main(String[])-Re-Comp,"1:-1,3:-1,4:-1,0:-1,2:0",1,114
bubo_runs20_BuboNested,Nested,LoopBenchmarks,/home/hb478/repos/BuboExperiments/BuboLoopObserverEffect/bubo_runs20_BuboNested/logs/LoopBenchmarks_BuboOn.log,223362522438,170,LoopBenchmarks.main(String[])-Re-Comp,"1:-1,3:-1,4:-1,0:-1,2:0",2,9731822024
bubo_runs20_BuboNested,Nested,LoopBenchmarks,/home/hb478/repos/BuboExperiments/BuboLoopObserverEffect/bubo_runs20_BuboNested/logs/LoopBenchmarks_BuboOn.log,223362522438,170,LoopBenchmarks.main(String[])-Re-Comp,"1:-1,3:-1,4:-1,0:-1,2:0",3,14046
bubo_runs20_BuboNested,Nested,LoopBenchmarks,/home/hb478/repos/BuboExperiments/BuboLoopObserverEffect/bubo_runs20_BuboNested/logs/LoopBenchmarks_BuboOn.log,223362522438,170,LoopBenchmarks.main(String[])-Re-Comp,"1:-1,3:-1,4:-1,0:-1,2:0",4,80
bubo_runs20_BuboNested,Nested,LoopBenchmarks,/home/hb478/repos/BuboExperiments/BuboLoopObserverEffect/bubo_runs20_BuboNested/logs/LoopBenchmarks_BuboOn.log,223362522438,172,"LoopBenchmarks.editDistanceLoop(char[],","2:-1,0:-1,1:0",0,11698
bubo_runs20_BuboNested,Nested,LoopBenchmarks,/home/hb478/repos/BuboExperiments/BuboLoopObserverEffect/bubo_runs20_BuboNested/logs/LoopBenchmarks_BuboOn.log,223362522438,172,"LoopBenchmarks.editDistanceLoop(char[],","2:-1,0:-1,1:0",1,8524
bubo_runs20_BuboNested,Nested,LoopBenchmarks,/home/hb478/repos/BuboExperiments/BuboLoopObserverEffect/bubo_runs20_BuboNested/logs/LoopBenchmarks_BuboOn.log,223362522438,172,"LoopBenchmarks.editDistanceLoop(char[],","2:-1,0:-1,1:0",2,868
bubo_runs20_BuboNested,Nested,LoopBenchmarks,/home/hb478/repos/BuboExperiments/BuboLoopObserverEffect/bubo_runs20_BuboNested/logs/LoopBenchmarks_BuboOn.log,223362522438,173,"LoopBenchmarks.editDistanceLoop(char[],-Re-Comp","5:-1,6:-1,0:-1,3:-1,4:-1,1:-1,2:1",0,145223698
bubo_runs20_BuboNested,Nested,LoopBenchmarks,/home/hb478/repos/BuboExperiments/BuboLoopObserverEffect/bubo_runs20_BuboNested/logs/LoopBenchmarks_BuboOn.log,223362522438,173,"LoopBenchmarks.editDistanceLoop(char[],-Re-Comp","5:-1,6:-1,0:-1,3:-1,4:-1,1:-1,2:1",1,32993910760
bubo_runs20_BuboNested,Nested,LoopBenchmarks,/home/hb478/repos/BuboExperiments/BuboLoopObserverEffect/bubo_runs20_BuboNested/logs/LoopBenchmarks_BuboOn.log,223362522438,173,"LoopBenchmarks.editDistanceLoop(char[],-Re-Comp","5:-1,6:-1,0:-1,3:-1,4:-1,1:-1,2:1",2,25779617318
bubo_runs20_BuboNested,Nested,LoopBenchmarks,/home/hb478/repos/BuboExperiments/BuboLoopObserverEffect/bubo_runs20_BuboNested/logs/LoopBenchmarks_BuboOn.log,223362522438,173,"LoopBenchmarks.editDistanceLoop(char[],-Re-Comp","5:-1,6:-1,0:-1,3:-1,4:-1,1:-1,2:1",3,182962204
bubo_runs20_BuboNested,Nested,LoopBenchmarks,/home/hb478/repos/BuboExperiments/BuboLoopObserverEffect/bubo_runs20_BuboNested/logs/LoopBenchmarks_BuboOn.log,223362522438,173,"LoopBenchmarks.editDistanceLoop(char[],-Re-Comp","5:-1,6:-1,0:-1,3:-1,4:-1,1:-1,2:1",4,186362266
bubo_runs20_BuboNested,Nested,LoopBenchmarks,/home/hb478/repos/BuboExperiments/BuboLoopObserverEffect/bubo_runs20_BuboNested/logs/LoopBenchmarks_BuboOn.log,223362522438,173,"LoopBenchmarks.editDistanceLoop(char[],-Re-Comp","5:-1,6:-1,0:-1,3:-1,4:-1,1:-1,2:1",5,202121902
bubo_runs20_BuboNested,Nested,LoopBenchmarks,/home/hb478/repos/BuboExperiments/BuboLoopObserverEffect/bubo_runs20_BuboNested/logs/LoopBenchmarks_BuboOn.log,223362522438,173,"LoopBenchmarks.editDistanceLoop(char[],-Re-Comp","5:-1,6:-1,0:-1,3:-1,4:-1,1:-1,2:1",6,191325596
bubo_runs20_BuboNested,Nested,LoopBenchmarks,/home/hb478/repos/BuboExperiments/BuboLoopObserverEffect/bubo_runs20_BuboNested/logs/LoopBenchmarks_BuboOn.log,223362522438,174,LoopBenchmarks.main(String[])-Re-Comp,0:-1,0,34911007360
bubo_runs20_BuboNested,Nested,LoopBenchmarks,/home/hb478/repos/BuboExperiments/BuboLoopObserverEffect/bubo_runs20_BuboNested/logs/LoopBenchmarks_BuboOn.log,223362522438,175,"LoopBenchmarks.monteCarloPiLoop(long,",0:-1,0,178688152
bubo_runs20_BuboNested,Nested,LoopBenchmarks,/home/hb478/repos/BuboExperiments/BuboLoopObserverEffect/bubo_runs20_BuboNested/logs/LoopBenchmarks_BuboOn.log,223362522438,176,"LoopBenchmarks.monteCarloPiLoop(long,-Re-Comp",0:-1,0,15748711512
bubo_runs20_BuboNested,Nested,LoopBenchmarks,/home/hb478/repos/BuboExperiments/BuboLoopObserverEffect/bubo_runs20_BuboNested/logs/LoopBenchmarks_BuboOn.log,223362522438,177,LoopBenchmarks.bubbleSortLoop(int[]),"2:-1,0:-1,1:0",0,36941038
bubo_runs20_BuboNested,Nested,LoopBenchmarks,/home/hb478/repos/BuboExperiments/BuboLoopObserverEffect/bubo_runs20_BuboNested/logs/LoopBenchmarks_BuboOn.log,223362522438,177,LoopBenchmarks.bubbleSortLoop(int[]),"2:-1,0:-1,1:0",1,36642944
bubo_runs20_BuboNested,Nested,LoopBenchmarks,/home/hb478/repos/BuboExperiments/BuboLoopObserverEffect/bubo_runs20_BuboNested/logs/LoopBenchmarks_BuboOn.log,223362522438,177,LoopBenchmarks.bubbleSortLoop(int[]),"2:-1,0:-1,1:0",2,7694
bubo_runs20_BuboNested,Nested,LoopBenchmarks,/home/hb478/repos/BuboExperiments/BuboLoopObserverEffect/bubo_runs20_BuboNested/logs/LoopBenchmarks_BuboOn.log,223362522438,178,LoopBenchmarks.bubbleSortLoop(int[])-Re-Comp,"0:-1,1:0",0,17700519598
bubo_runs20_BuboNested,Nested,LoopBenchmarks,/home/hb478/repos/BuboExperiments/BuboLoopObserverEffect/bubo_runs20_BuboNested/logs/LoopBenchmarks_BuboOn.log,223362522438,178,LoopBenchmarks.bubbleSortLoop(int[])-Re-Comp,"0:-1,1:0",1,17581917098
bubo_runs20_BuboNested,Nested,LoopBenchmarks,/home/hb478/repos/BuboExperiments/BuboLoopObserverEffect/bubo_runs20_BuboNested/logs/LoopBenchmarks_BuboOn.log,223362522438,179,LoopBenchmarks.main(String[])-Re-Comp,"2:-1,5:-1,6:-1,3:-1,4:3,0:-1,1:0",0,17611572144
bubo_runs20_BuboNested,Nested,LoopBenchmarks,/home/hb478/repos/BuboExperiments/BuboLoopObserverEffect/bubo_runs20_BuboNested/logs/LoopBenchmarks_BuboOn.log,223362522438,179,LoopBenchmarks.main(String[])-Re-Comp,"2:-1,5:-1,6:-1,3:-1,4:3,0:-1,1:0",1,3084292
bubo_runs20_BuboNested,Nested,LoopBenchmarks,/home/hb478/repos/BuboExperiments/BuboLoopObserverEffect/bubo_runs20_BuboNested/logs/LoopBenchmarks_BuboOn.log,223362522438,179,LoopBenchmarks.main(String[])-Re-Comp,"2:-1,5:-1,6:-1,3:-1,4:3,0:-1,1:0",2,78
bubo_runs20_BuboNested,Nested,LoopBenchmarks,/home/hb478/repos/BuboExperiments/BuboLoopObserverEffect/bubo_runs20_BuboNested/logs/LoopBenchmarks_BuboOn.log,223362522438,179,LoopBenchmarks.main(String[])-Re-Comp,"2:-1,5:-1,6:-1,3:-1,4:3,0:-1,1:0",3,46271608
bubo_runs20_BuboNested,Nested,LoopBenchmarks,/home/hb478/repos/BuboExperiments/BuboLoopObserverEffect/bubo_runs20_BuboNested/logs/LoopBenchmarks_BuboOn.log,223362522438,179,LoopBenchmarks.main(String[])-Re-Comp,"2:-1,5:-1,6:-1,3:-1,4:3,0:-1,1:0",4,45963202
bubo_runs20_BuboNested,Nested,LoopBenchmarks,/home/hb478/repos/BuboExperiments/BuboLoopObserverEffect/bubo_runs20_BuboNested/logs/LoopBenchmarks_BuboOn.log,223362522438,179,LoopBenchmarks.main(String[])-Re-Comp,"2:-1,5:-1,6:-1,3:-1,4:3,0:-1,1:0",5,4298
bubo_runs20_BuboNested,Nested,LoopBenchmarks,/home/hb478/repos/BuboExperiments/BuboLoopObserverEffect/bubo_runs20_BuboNested/logs/LoopBenchmarks_BuboOn.log,223362522438,179,LoopBenchmarks.main(String[])-Re-Comp,"2:-1,5:-1,6:-1,3:-1,4:3,0:-1,1:0",6,138
bubo_runs20_BuboNested,Nested,LoopBenchmarks,/home/hb478/repos/BuboExperiments/BuboLoopObserverEffect/bubo_runs20_BuboNested/logs/LoopBenchmarks_BuboOn.log,223362522438,180,LoopBenchmarks.main(String[])-Re-Comp,"2:-1,3:-1,4:-1,0:-1,1:0",0,3055462
bubo_runs20_BuboNested,Nested,LoopBenchmarks,/home/hb478/repos/BuboExperiments/BuboLoopObserverEffect/bubo_runs20_BuboNested/logs/LoopBenchmarks_BuboOn.log,223362522438,180,LoopBenchmarks.main(String[])-Re-Comp,"2:-1,3:-1,4:-1,0:-1,1:0",1,2996274
bubo_runs20_BuboNested,Nested,LoopBenchmarks,/home/hb478/repos/BuboExperiments/BuboLoopObserverEffect/bubo_runs20_BuboNested/logs/LoopBenchmarks_BuboOn.log,223362522438,180,LoopBenchmarks.main(String[])-Re-Comp,"2:-1,3:-1,4:-1,0:-1,1:0",2,78
bubo_runs20_BuboNested,Nested,LoopBenchmarks,/home/hb478/repos/BuboExperiments/BuboLoopObserverEffect/bubo_runs20_BuboNested/logs/LoopBenchmarks_BuboOn.log,223362522438,180,LoopBenchmarks.main(String[])-Re-Comp,"2:-1,3:-1,4:-1,0:-1,1:0",3,278
bubo_runs20_BuboNested,Nested,LoopBenchmarks,/home/hb478/repos/BuboExperiments/BuboLoopObserverEffect/bubo_runs20_BuboNested/logs/LoopBenchmarks_BuboOn.log,223362522438,180,LoopBenchmarks.main(String[])-Re-Comp,"2:-1,3:-1,4:-1,0:-1,1:0",4,128
bubo_runs20_BuboNested,Nested,LoopBenchmarks,/home/hb478/repos/BuboExperiments/BuboLoopObserverEffect/bubo_runs20_BuboNested/logs/LoopBenchmarks_BuboOn.log,223362522438,181,"LoopBenchmarks.blurLoop(int[][],","3:-1,2:-1,4:-1,5:-1,0:-1,1:0",0,12831306
bubo_runs20_BuboNested,Nested,LoopBenchmarks,/home/hb478/repos/BuboExperiments/BuboLoopObserverEffect/bubo_runs20_BuboNested/logs/LoopBenchmarks_BuboOn.log,223362522438,181,"LoopBenchmarks.blurLoop(int[][],","3:-1,2:-1,4:-1,5:-1,0:-1,1:0",1,12770606
bubo_runs20_BuboNested,Nested,LoopBenchmarks,/home/hb478/repos/BuboExperiments/BuboLoopObserverEffect/bubo_runs20_BuboNested/logs/LoopBenchmarks_BuboOn.log,223362522438,181,"LoopBenchmarks.blurLoop(int[][],","3:-1,2:-1,4:-1,5:-1,0:-1,1:0",2,102
bubo_runs20_BuboNested,Nested,LoopBenchmarks,/home/hb478/repos/BuboExperiments/BuboLoopObserverEffect/bubo_runs20_BuboNested/logs/LoopBenchmarks_BuboOn.log,223362522438,181,"LoopBenchmarks.blurLoop(int[][],","3:-1,2:-1,4:-1,5:-1,0:-1,1:0",3,52
bubo_runs20_BuboNested,Nested,LoopBenchmarks,/home/hb478/repos/BuboExperiments/BuboLoopObserverEffect/bubo_runs20_BuboNested/logs/LoopBenchmarks_BuboOn.log,223362522438,181,"LoopBenchmarks.blurLoop(int[][],","3:-1,2:-1,4:-1,5:-1,0:-1,1:0",4,1868
bubo_runs20_BuboNested,Nested,LoopBenchmarks,/home/hb478/repos/BuboExperiments/BuboLoopObserverEffect/bubo_runs20_BuboNested/logs/LoopBenchmarks_BuboOn.log,223362522438,181,"LoopBenchmarks.blurLoop(int[][],","3:-1,2:-1,4:-1,5:-1,0:-1,1:0",5,116
bubo_runs20_BuboNested,Nested,LoopBenchmarks,/home/hb478/repos/BuboExperiments/BuboLoopObserverEffect/bubo_runs20_BuboNested/logs/LoopBenchmarks_BuboOn.log,223362522438,182,"LoopBenchmarks.blurLoop(int[][],-Re-Comp","0:-1,1:0,2:0,3:0",0,5277961510
bubo_runs20_BuboNested,Nested,LoopBenchmarks,/home/hb478/repos/BuboExperiments/BuboLoopObserverEffect/bubo_runs20_BuboNested/logs/LoopBenchmarks_BuboOn.log,223362522438,182,"LoopBenchmarks.blurLoop(int[][],-Re-Comp","0:-1,1:0,2:0,3:0",1,58373276
bubo_runs20_BuboNested,Nested,LoopBenchmarks,/home/hb478/repos/BuboExperiments/BuboLoopObserverEffect/bubo_runs20_BuboNested/logs/LoopBenchmarks_BuboOn.log,223362522438,182,"LoopBenchmarks.blurLoop(int[][],-Re-Comp","0:-1,1:0,2:0,3:0",2,4963988950
bubo_runs20_BuboNested,Nested,LoopBenchmarks,/home/hb478/repos/BuboExperiments/BuboLoopObserverEffect/bubo_runs20_BuboNested/logs/LoopBenchmarks_BuboOn.log,223362522438,182,"LoopBenchmarks.blurLoop(int[][],-Re-Comp","0:-1,1:0,2:0,3:0",3,60437484
bubo_runs20_BuboNested,Nested,LoopBenchmarks,/home/hb478/repos/BuboExperiments/BuboLoopObserverEffect/bubo_runs20_BuboNested/logs/LoopBenchmarks_BuboOn.log,223362522438,186,LoopBenchmarks.main(String[])-Re-Comp,"0:-1,1:-1,2:-1",0,110
bubo_runs20_BuboNested,Nested,LoopBenchmarks,/home/hb478/repos/BuboExperiments/BuboLoopObserverEffect/bubo_runs20_BuboNested/logs/LoopBenchmarks_BuboOn.log,223362522438,187,"LoopBenchmarks.base64EncodeLoop(byte[],",0:-1,0,1263000
bubo_runs20_BuboNested,Nested,LoopBenchmarks,/home/hb478/repos/BuboExperiments/BuboLoopObserverEffect/bubo_runs20_BuboNested/logs/LoopBenchmarks_BuboOn.log,223362522438,188,"LoopBenchmarks.base64EncodeLoop(byte[],-Re-Comp","3:-1,0:-1,1:-1,2:-1",0,439424
bubo_runs20_BuboNested,Nested,LoopBenchmarks,/home/hb478/repos/BuboExperiments/BuboLoopObserverEffect/bubo_runs20_BuboNested/logs/LoopBenchmarks_BuboOn.log,223362522438,188,"LoopBenchmarks.base64EncodeLoop(byte[],-Re-Comp","3:-1,0:-1,1:-1,2:-1",1,7538771028
bubo_runs20_BuboNested,Nested,LoopBenchmarks,/home/hb478/repos/BuboExperiments/BuboLoopObserverEffect/bubo_runs20_BuboNested/logs/LoopBenchmarks_BuboOn.log,223362522438,188,"LoopBenchmarks.base64EncodeLoop(byte[],-Re-Comp","3:-1,0:-1,1:-1,2:-1",2,607148
bubo_runs20_BuboNested,Nested,LoopBenchmarks,/home/hb478/repos/BuboExperiments/BuboLoopObserverEffect/bubo_runs20_BuboNested/logs/LoopBenchmarks_BuboOn.log,223362522438,188,"LoopBenchmarks.base64EncodeLoop(byte[],-Re-Comp","3:-1,0:-1,1:-1,2:-1",3,461114
bubo_runs20_BuboNested,Nested,LoopBenchmarks,/home/hb478/repos/BuboExperiments/BuboLoopObserverEffect/bubo_runs20_BuboNested/logs/LoopBenchmarks_BuboOn.log,223362522438,189,LoopBenchmarks.main(String[])-Re-Comp,0:-1,0,1954338
bubo_runs20_BuboNested,Nested,LoopBenchmarks,/home/hb478/repos/BuboExperiments/BuboLoopObserverEffect/bubo_runs20_BuboNested/logs/LoopBenchmarks_BuboOn.log,223362522438,190,"LoopBenchmarks.raySphereLoop(double[],",0:-1,0,1503502
bubo_runs20_BuboNested,Nested,LoopBenchmarks,/home/hb478/repos/BuboExperiments/BuboLoopObserverEffect/bubo_runs20_BuboNested/logs/LoopBenchmarks_BuboOn.log,223362522438,191,"LoopBenchmarks.raySphereLoop(double[],-Re-Comp",0:-1,0,7752312218
bubo_runs20_BuboNested,Nested,Mandelbrot,/home/hb478/repos/BuboExperiments/BuboLoopObserverEffect/bubo_runs20_BuboNested/logs/Mandelbrot_BuboOn.log,273816722850,52,java.util.ImmutableCollections$SetN$SetNIterator.next(),0:-1,0,379774
bubo_runs20_BuboNested,Nested,Mandelbrot,/home/hb478/repos/BuboExperiments/BuboLoopObserverEffect/bubo_runs20_BuboNested/logs/Mandelbrot_BuboOn.log,273816722850,56,"java.util.HashMap.putVal(int,",0:-1,0,10556
bubo_runs20_BuboNested,Nested,Mandelbrot,/home/hb478/repos/BuboExperiments/BuboLoopObserverEffect/bubo_runs20_BuboNested/logs/Mandelbrot_BuboOn.log,273816722850,57,java.lang.String.equals(Object),0:-1,0,9022
bubo_runs20_BuboNested,Nested,Mandelbrot,/home/hb478/repos/BuboExperiments/BuboLoopObserverEffect/bubo_runs20_BuboNested/logs/Mandelbrot_BuboOn.log,273816722850,70,java.util.HashMap.resize(),"2:-1,0:-1,1:0",0,22030
bubo_runs20_BuboNested,Nested,Mandelbrot,/home/hb478/repos/BuboExperiments/BuboLoopObserverEffect/bubo_runs20_BuboNested/logs/Mandelbrot_BuboOn.log,273816722850,70,java.util.HashMap.resize(),"2:-1,0:-1,1:0",1,6432
bubo_runs20_BuboNested,Nested,Mandelbrot,/home/hb478/repos/BuboExperiments/BuboLoopObserverEffect/bubo_runs20_BuboNested/logs/Mandelbrot_BuboOn.log,273816722850,70,java.util.HashMap.resize(),"2:-1,0:-1,1:0",2,16008
bubo_runs20_BuboNested,Nested,Mandelbrot,/home/hb478/repos/BuboExperiments/BuboLoopObserverEffect/bubo_runs20_BuboNested/logs/Mandelbrot_BuboOn.log,273816722850,88,java.util.Properties$LineReader.readLine(),"5:-1,3:-1,4:3,0:-1,1:0,2:1",1,256968
bubo_runs20_BuboNested,Nested,Mandelbrot,/home/hb478/repos/BuboExperiments/BuboLoopObserverEffect/bubo_runs20_BuboNested/logs/Mandelbrot_BuboOn.log,273816722850,88,java.util.Properties$LineReader.readLine(),"5:-1,3:-1,4:3,0:-1,1:0,2:1",2,16322
bubo_runs20_BuboNested,Nested,Mandelbrot,/home/hb478/repos/BuboExperiments/BuboLoopObserverEffect/bubo_runs20_BuboNested/logs/Mandelbrot_BuboOn.log,273816722850,88,java.util.Properties$LineReader.readLine(),"5:-1,3:-1,4:3,0:-1,1:0,2:1",5,484
bubo_runs20_BuboNested,Nested,Mandelbrot,/home/hb478/repos/BuboExperiments/BuboLoopObserverEffect/bubo_runs20_BuboNested/logs/Mandelbrot_BuboOn.log,273816722850,89,java.util.Properties$LineReader.readLine()-Re-Comp,"0:-1,1:0,2:1",0,562864
bubo_runs20_BuboNested,Nested,Mandelbrot,/home/hb478/repos/BuboExperiments/BuboLoopObserverEffect/bubo_runs20_BuboNested/logs/Mandelbrot_BuboOn.log,273816722850,89,java.util.Properties$LineReader.readLine()-Re-Comp,"0:-1,1:0,2:1",1,511510
bubo_runs20_BuboNested,Nested,Mandelbrot,/home/hb478/repos/BuboExperiments/BuboLoopObserverEffect/bubo_runs20_BuboNested/logs/Mandelbrot_BuboOn.log,273816722850,89,java.util.Properties$LineReader.readLine()-Re-Comp,"0:-1,1:0,2:1",2,159252
bubo_runs20_BuboNested,Nested,Mandelbrot,/home/hb478/repos/BuboExperiments/BuboLoopObserverEffect/bubo_runs20_BuboNested/logs/Mandelbrot_BuboOn.log,273816722850,92,"jdk.internal.util.ArraysSupport.unsignedHashCode(int,","0:-1,1:-1,2:-1",0,60720
bubo_runs20_BuboNested,Nested,Mandelbrot,/home/hb478/repos/BuboExperiments/BuboLoopObserverEffect/bubo_runs20_BuboNested/logs/Mandelbrot_BuboOn.log,273816722850,92,"jdk.internal.util.ArraysSupport.unsignedHashCode(int,","0:-1,1:-1,2:-1",1,121476
bubo_runs20_BuboNested,Nested,Mandelbrot,/home/hb478/repos/BuboExperiments/BuboLoopObserverEffect/bubo_runs20_BuboNested/logs/Mandelbrot_BuboOn.log,273816722850,92,"jdk.internal.util.ArraysSupport.unsignedHashCode(int,","0:-1,1:-1,2:-1",2,99210
bubo_runs20_BuboNested,Nested,Mandelbrot,/home/hb478/repos/BuboExperiments/BuboLoopObserverEffect/bubo_runs20_BuboNested/logs/Mandelbrot_BuboOn.log,273816722850,119,Mandelbrot.mandelbrot(int),"5:-1,3:-1,4:3,0:-1,1:0,2:1",0,541889970
bubo_runs20_BuboNested,Nested,Mandelbrot,/home/hb478/repos/BuboExperiments/BuboLoopObserverEffect/bubo_runs20_BuboNested/logs/Mandelbrot_BuboOn.log,273816722850,119,Mandelbrot.mandelbrot(int),"5:-1,3:-1,4:3,0:-1,1:0,2:1",1,541827446
bubo_runs20_BuboNested,Nested,Mandelbrot,/home/hb478/repos/BuboExperiments/BuboLoopObserverEffect/bubo_runs20_BuboNested/logs/Mandelbrot_BuboOn.log,273816722850,119,Mandelbrot.mandelbrot(int),"5:-1,3:-1,4:3,0:-1,1:0,2:1",2,478875432
bubo_runs20_BuboNested,Nested,Mandelbrot,/home/hb478/repos/BuboExperiments/BuboLoopObserverEffect/bubo_runs20_BuboNested/logs/Mandelbrot_BuboOn.log,273816722850,119,Mandelbrot.mandelbrot(int),"5:-1,3:-1,4:3,0:-1,1:0,2:1",3,72456
bubo_runs20_BuboNested,Nested,Mandelbrot,/home/hb478/repos/BuboExperiments/BuboLoopObserverEffect/bubo_runs20_BuboNested/logs/Mandelbrot_BuboOn.log,273816722850,119,Mandelbrot.mandelbrot(int),"5:-1,3:-1,4:3,0:-1,1:0,2:1",4,52260
bubo_runs20_BuboNested,Nested,Mandelbrot,/home/hb478/repos/BuboExperiments/BuboLoopObserverEffect/bubo_runs20_BuboNested/logs/Mandelbrot_BuboOn.log,273816722850,119,Mandelbrot.mandelbrot(int),"5:-1,3:-1,4:3,0:-1,1:0,2:1",5,468
bubo_runs20_BuboNested,Nested,Mandelbrot,/home/hb478/repos/BuboExperiments/BuboLoopObserverEffect/bubo_runs20_BuboNested/logs/Mandelbrot_BuboOn.log,273816722850,120,Mandelbrot.mandelbrot(int)-Re-Comp,"0:-1,1:0,2:1",0,272534489740
bubo_runs20_BuboNested,Nested,Mandelbrot,/home/hb478/repos/BuboExperiments/BuboLoopObserverEffect/bubo_runs20_BuboNested/logs/Mandelbrot_BuboOn.log,273816722850,120,Mandelbrot.mandelbrot(int)-Re-Comp,"0:-1,1:0,2:1",1,272500628198
bubo_runs20_BuboNested,Nested,Mandelbrot,/home/hb478/repos/BuboExperiments/BuboLoopObserverEffect/bubo_runs20_BuboNested/logs/Mandelbrot_BuboOn.log,273816722850,120,Mandelbrot.mandelbrot(int)-Re-Comp,"0:-1,1:0,2:1",2,241464411682
bubo_runs20_BuboNested,Nested,Mandelbrot,/home/hb478/repos/BuboExperiments/BuboLoopObserverEffect/bubo_runs20_BuboNested/logs/Mandelbrot_BuboOn.log,273816722850,130,"java.lang.StringLatin1.equals(byte[],",0:-1,0,6556
bubo_runs20_BuboNested,Nested,Mandelbrot,/home/hb478/repos/BuboExperiments/BuboLoopObserverEffect/bubo_runs20_BuboNested/logs/Mandelbrot_BuboOn.log,273816722850,142,"java.lang.StringLatin1.inflate(byte[],","0:-1,1:-1,2:-1",0,9160
bubo_runs20_BuboNested,Nested,Mandelbrot,/home/hb478/repos/BuboExperiments/BuboLoopObserverEffect/bubo_runs20_BuboNested/logs/Mandelbrot_BuboOn.log,273816722850,142,"java.lang.StringLatin1.inflate(byte[],","0:-1,1:-1,2:-1",1,15182
bubo_runs20_BuboNested,Nested,Mandelbrot,/home/hb478/repos/BuboExperiments/BuboLoopObserverEffect/bubo_runs20_BuboNested/logs/Mandelbrot_BuboOn.log,273816722850,142,"java.lang.StringLatin1.inflate(byte[],","0:-1,1:-1,2:-1",2,10806
bubo_runs20_BuboNested,Nested,Mandelbrot,/home/hb478/repos/BuboExperiments/BuboLoopObserverEffect/bubo_runs20_BuboNested/logs/Mandelbrot_BuboOn.log,273816722850,143,"java.lang.StringCoding.implEncodeAsciiArray(char[],",0:-1,0,234
bubo_runs20_BuboNested,Nested,Mandelbrot,/home/hb478/repos/BuboExperiments/BuboLoopObserverEffect/bubo_runs20_BuboNested/logs/Mandelbrot_BuboOn.log,273816722850,144,"java.lang.StringCoding.implEncodeAsciiArray(char[],-Re-Comp",0:-1,0,15688
bubo_runs20_BuboNested,Nested,NBody,/home/hb478/repos/BuboExperiments/BuboLoopObserverEffect/bubo_runs20_BuboNested/logs/NBody_BuboOn.log,181407799362,52,java.util.ImmutableCollections$SetN$SetNIterator.next(),0:-1,0,375750
bubo_runs20_BuboNested,Nested,NBody,/home/hb478/repos/BuboExperiments/BuboLoopObserverEffect/bubo_runs20_BuboNested/logs/NBody_BuboOn.log,181407799362,56,"java.util.HashMap.putVal(int,",0:-1,0,12338
bubo_runs20_BuboNested,Nested,NBody,/home/hb478/repos/BuboExperiments/BuboLoopObserverEffect/bubo_runs20_BuboNested/logs/NBody_BuboOn.log,181407799362,57,java.lang.String.equals(Object),0:-1,0,9416
bubo_runs20_BuboNested,Nested,NBody,/home/hb478/repos/BuboExperiments/BuboLoopObserverEffect/bubo_runs20_BuboNested/logs/NBody_BuboOn.log,181407799362,69,java.util.HashMap.resize(),"2:-1,0:-1,1:0",0,36954
bubo_runs20_BuboNested,Nested,NBody,/home/hb478/repos/BuboExperiments/BuboLoopObserverEffect/bubo_runs20_BuboNested/logs/NBody_BuboOn.log,181407799362,69,java.util.HashMap.resize(),"2:-1,0:-1,1:0",1,11178
bubo_runs20_BuboNested,Nested,NBody,/home/hb478/repos/BuboExperiments/BuboLoopObserverEffect/bubo_runs20_BuboNested/logs/NBody_BuboOn.log,181407799362,69,java.util.HashMap.resize(),"2:-1,0:-1,1:0",2,16356
bubo_runs20_BuboNested,Nested,NBody,/home/hb478/repos/BuboExperiments/BuboLoopObserverEffect/bubo_runs20_BuboNested/logs/NBody_BuboOn.log,181407799362,88,java.util.Properties$LineReader.readLine(),"5:-1,3:-1,4:3,0:-1,1:0,2:1",1,257766
bubo_runs20_BuboNested,Nested,NBody,/home/hb478/repos/BuboExperiments/BuboLoopObserverEffect/bubo_runs20_BuboNested/logs/NBody_BuboOn.log,181407799362,88,java.util.Properties$LineReader.readLine(),"5:-1,3:-1,4:3,0:-1,1:0,2:1",2,16474
bubo_runs20_BuboNested,Nested,NBody,/home/hb478/repos/BuboExperiments/BuboLoopObserverEffect/bubo_runs20_BuboNested/logs/NBody_BuboOn.log,181407799362,88,java.util.Properties$LineReader.readLine(),"5:-1,3:-1,4:3,0:-1,1:0,2:1",5,494
bubo_runs20_BuboNested,Nested,NBody,/home/hb478/repos/BuboExperiments/BuboLoopObserverEffect/bubo_runs20_BuboNested/logs/NBody_BuboOn.log,181407799362,89,java.util.Properties$LineReader.readLine()-Re-Comp,"0:-1,1:0,2:1",0,550496
bubo_runs20_BuboNested,Nested,NBody,/home/hb478/repos/BuboExperiments/BuboLoopObserverEffect/bubo_runs20_BuboNested/logs/NBody_BuboOn.log,181407799362,89,java.util.Properties$LineReader.readLine()-Re-Comp,"0:-1,1:0,2:1",1,494790
bubo_runs20_BuboNested,Nested,NBody,/home/hb478/repos/BuboExperiments/BuboLoopObserverEffect/bubo_runs20_BuboNested/logs/NBody_BuboOn.log,181407799362,89,java.util.Properties$LineReader.readLine()-Re-Comp,"0:-1,1:0,2:1",2,142762
bubo_runs20_BuboNested,Nested,NBody,/home/hb478/repos/BuboExperiments/BuboLoopObserverEffect/bubo_runs20_BuboNested/logs/NBody_BuboOn.log,181407799362,92,"jdk.internal.util.ArraysSupport.unsignedHashCode(int,","0:-1,1:-1,2:-1",0,65858
bubo_runs20_BuboNested,Nested,NBody,/home/hb478/repos/BuboExperiments/BuboLoopObserverEffect/bubo_runs20_BuboNested/logs/NBody_BuboOn.log,181407799362,92,"jdk.internal.util.ArraysSupport.unsignedHashCode(int,","0:-1,1:-1,2:-1",1,133986
bubo_runs20_BuboNested,Nested,NBody,/home/hb478/repos/BuboExperiments/BuboLoopObserverEffect/bubo_runs20_BuboNested/logs/NBody_BuboOn.log,181407799362,92,"jdk.internal.util.ArraysSupport.unsignedHashCode(int,","0:-1,1:-1,2:-1",2,112106
bubo_runs20_BuboNested,Nested,NBody,/home/hb478/repos/BuboExperiments/BuboLoopObserverEffect/bubo_runs20_BuboNested/logs/NBody_BuboOn.log,181407799362,120,"java.lang.StringLatin1.equals(byte[],",0:-1,0,7086
bubo_runs20_BuboNested,Nested,NBody,/home/hb478/repos/BuboExperiments/BuboLoopObserverEffect/bubo_runs20_BuboNested/logs/NBody_BuboOn.log,181407799362,134,nbody.NBodySystem.advance(double),"0:-1,1:0,2:-1",0,21324900
bubo_runs20_BuboNested,Nested,NBody,/home/hb478/repos/BuboExperiments/BuboLoopObserverEffect/bubo_runs20_BuboNested/logs/NBody_BuboOn.log,181407799362,134,nbody.NBodySystem.advance(double),"0:-1,1:0,2:-1",1,13424284
bubo_runs20_BuboNested,Nested,NBody,/home/hb478/repos/BuboExperiments/BuboLoopObserverEffect/bubo_runs20_BuboNested/logs/NBody_BuboOn.log,181407799362,134,nbody.NBodySystem.advance(double),"0:-1,1:0,2:-1",2,1822682
bubo_runs20_BuboNested,Nested,NBody,/home/hb478/repos/BuboExperiments/BuboLoopObserverEffect/bubo_runs20_BuboNested/logs/NBody_BuboOn.log,181407799362,135,NBody.innerBenchmarkLoop(int),"1:-1,2:1,3:-1,0:-1,4:0,5:4,6:0",0,1552221114
bubo_runs20_BuboNested,Nested,NBody,/home/hb478/repos/BuboExperiments/BuboLoopObserverEffect/bubo_runs20_BuboNested/logs/NBody_BuboOn.log,181407799362,135,NBody.innerBenchmarkLoop(int),"1:-1,2:1,3:-1,0:-1,4:0,5:4,6:0",1,1876
bubo_runs20_BuboNested,Nested,NBody,/home/hb478/repos/BuboExperiments/BuboLoopObserverEffect/bubo_runs20_BuboNested/logs/NBody_BuboOn.log,181407799362,135,NBody.innerBenchmarkLoop(int),"1:-1,2:1,3:-1,0:-1,4:0,5:4,6:0",2,922
bubo_runs20_BuboNested,Nested,NBody,/home/hb478/repos/BuboExperiments/BuboLoopObserverEffect/bubo_runs20_BuboNested/logs/NBody_BuboOn.log,181407799362,135,NBody.innerBenchmarkLoop(int),"1:-1,2:1,3:-1,0:-1,4:0,5:4,6:0",3,166
bubo_runs20_BuboNested,Nested,NBody,/home/hb478/repos/BuboExperiments/BuboLoopObserverEffect/bubo_runs20_BuboNested/logs/NBody_BuboOn.log,181407799362,135,NBody.innerBenchmarkLoop(int),"1:-1,2:1,3:-1,0:-1,4:0,5:4,6:0",4,1282642064
bubo_runs20_BuboNested,Nested,NBody,/home/hb478/repos/BuboExperiments/BuboLoopObserverEffect/bubo_runs20_BuboNested/logs/NBody_BuboOn.log,181407799362,135,NBody.innerBenchmarkLoop(int),"1:-1,2:1,3:-1,0:-1,4:0,5:4,6:0",5,828616630
bubo_runs20_BuboNested,Nested,NBody,/home/hb478/repos/BuboExperiments/BuboLoopObserverEffect/bubo_runs20_BuboNested/logs/NBody_BuboOn.log,181407799362,135,NBody.innerBenchmarkLoop(int),"1:-1,2:1,3:-1,0:-1,4:0,5:4,6:0",6,108461366
bubo_runs20_BuboNested,Nested,NBody,/home/hb478/repos/BuboExperiments/BuboLoopObserverEffect/bubo_runs20_BuboNested/logs/NBody_BuboOn.log,181407799362,136,NBody.innerBenchmarkLoop(int)-Re-Comp,0:-1,0,179038965768
bubo_runs20_BuboNested,Nested,NBody,/home/hb478/repos/BuboExperiments/BuboLoopObserverEffect/bubo_runs20_BuboNested/logs/NBody_BuboOn.log,181407799362,157,"java.lang.StringLatin1.inflate(byte[],","0:-1,1:-1,2:-1",0,10416
bubo_runs20_BuboNested,Nested,NBody,/home/hb478/repos/BuboExperiments/BuboLoopObserverEffect/bubo_runs20_BuboNested/logs/NBody_BuboOn.log,181407799362,157,"java.lang.StringLatin1.inflate(byte[],","0:-1,1:-1,2:-1",1,17110
bubo_runs20_BuboNested,Nested,NBody,/home/hb478/repos/BuboExperiments/BuboLoopObserverEffect/bubo_runs20_BuboNested/logs/NBody_BuboOn.log,181407799362,157,"java.lang.StringLatin1.inflate(byte[],","0:-1,1:-1,2:-1",2,11884
bubo_runs20_BuboNested,Nested,Sieve,/home/hb478/repos/BuboExperiments/BuboLoopObserverEffect/bubo_runs20_BuboNested/logs/Sieve_BuboOn.log,539243276430,52,java.util.ImmutableCollections$SetN$SetNIterator.next(),0:-1,0,370212
bubo_runs20_BuboNested,Nested,Sieve,/home/hb478/repos/BuboExperiments/BuboLoopObserverEffect/bubo_runs20_BuboNested/logs/Sieve_BuboOn.log,539243276430,56,"java.util.HashMap.putVal(int,",0:-1,0,12234
bubo_runs20_BuboNested,Nested,Sieve,/home/hb478/repos/BuboExperiments/BuboLoopObserverEffect/bubo_runs20_BuboNested/logs/Sieve_BuboOn.log,539243276430,57,java.lang.String.equals(Object),0:-1,0,9634
bubo_runs20_BuboNested,Nested,Sieve,/home/hb478/repos/BuboExperiments/BuboLoopObserverEffect/bubo_runs20_BuboNested/logs/Sieve_BuboOn.log,539243276430,70,java.util.HashMap.resize(),"2:-1,0:-1,1:0",0,32544
bubo_runs20_BuboNested,Nested,Sieve,/home/hb478/repos/BuboExperiments/BuboLoopObserverEffect/bubo_runs20_BuboNested/logs/Sieve_BuboOn.log,539243276430,70,java.util.HashMap.resize(),"2:-1,0:-1,1:0",1,9718
bubo_runs20_BuboNested,Nested,Sieve,/home/hb478/repos/BuboExperiments/BuboLoopObserverEffect/bubo_runs20_BuboNested/logs/Sieve_BuboOn.log,539243276430,70,java.util.HashMap.resize(),"2:-1,0:-1,1:0",2,16194
bubo_runs20_BuboNested,Nested,Sieve,/home/hb478/repos/BuboExperiments/BuboLoopObserverEffect/bubo_runs20_BuboNested/logs/Sieve_BuboOn.log,539243276430,88,java.util.Properties$LineReader.readLine(),"5:-1,3:-1,4:3,0:-1,1:0,2:1",1,258878
bubo_runs20_BuboNested,Nested,Sieve,/home/hb478/repos/BuboExperiments/BuboLoopObserverEffect/bubo_runs20_BuboNested/logs/Sieve_BuboOn.log,539243276430,88,java.util.Properties$LineReader.readLine(),"5:-1,3:-1,4:3,0:-1,1:0,2:1",2,16448
bubo_runs20_BuboNested,Nested,Sieve,/home/hb478/repos/BuboExperiments/BuboLoopObserverEffect/bubo_runs20_BuboNested/logs/Sieve_BuboOn.log,539243276430,88,java.util.Properties$LineReader.readLine(),"5:-1,3:-1,4:3,0:-1,1:0,2:1",5,592
bubo_runs20_BuboNested,Nested,Sieve,/home/hb478/repos/BuboExperiments/BuboLoopObserverEffect/bubo_runs20_BuboNested/logs/Sieve_BuboOn.log,539243276430,89,java.util.Properties$LineReader.readLine()-Re-Comp,"0:-1,1:0,2:1",0,552742
bubo_runs20_BuboNested,Nested,Sieve,/home/hb478/repos/BuboExperiments/BuboLoopObserverEffect/bubo_runs20_BuboNested/logs/Sieve_BuboOn.log,539243276430,89,java.util.Properties$LineReader.readLine()-Re-Comp,"0:-1,1:0,2:1",1,495408
bubo_runs20_BuboNested,Nested,Sieve,/home/hb478/repos/BuboExperiments/BuboLoopObserverEffect/bubo_runs20_BuboNested/logs/Sieve_BuboOn.log,539243276430,89,java.util.Properties$LineReader.readLine()-Re-Comp,"0:-1,1:0,2:1",2,143200
bubo_runs20_BuboNested,Nested,Sieve,/home/hb478/repos/BuboExperiments/BuboLoopObserverEffect/bubo_runs20_BuboNested/logs/Sieve_BuboOn.log,539243276430,92,"jdk.internal.util.ArraysSupport.unsignedHashCode(int,","0:-1,1:-1,2:-1",0,54110
bubo_runs20_BuboNested,Nested,Sieve,/home/hb478/repos/BuboExperiments/BuboLoopObserverEffect/bubo_runs20_BuboNested/logs/Sieve_BuboOn.log,539243276430,92,"jdk.internal.util.ArraysSupport.unsignedHashCode(int,","0:-1,1:-1,2:-1",1,104056
bubo_runs20_BuboNested,Nested,Sieve,/home/hb478/repos/BuboExperiments/BuboLoopObserverEffect/bubo_runs20_BuboNested/logs/Sieve_BuboOn.log,539243276430,92,"jdk.internal.util.ArraysSupport.unsignedHashCode(int,","0:-1,1:-1,2:-1",2,86986
bubo_runs20_BuboNested,Nested,Sieve,/home/hb478/repos/BuboExperiments/BuboLoopObserverEffect/bubo_runs20_BuboNested/logs/Sieve_BuboOn.log,539243276430,119,"Sieve.sieve(boolean[],","1:-1,0:-1,2:0",0,89928
bubo_runs20_BuboNested,Nested,Sieve,/home/hb478/repos/BuboExperiments/BuboLoopObserverEffect/bubo_runs20_BuboNested/logs/Sieve_BuboOn.log,539243276430,119,"Sieve.sieve(boolean[],","1:-1,0:-1,2:0",1,1892
bubo_runs20_BuboNested,Nested,Sieve,/home/hb478/repos/BuboExperiments/BuboLoopObserverEffect/bubo_runs20_BuboNested/logs/Sieve_BuboOn.log,539243276430,119,"Sieve.sieve(boolean[],","1:-1,0:-1,2:0",2,32418
bubo_runs20_BuboNested,Nested,Sieve,/home/hb478/repos/BuboExperiments/BuboLoopObserverEffect/bubo_runs20_BuboNested/logs/Sieve_BuboOn.log,539243276430,120,"Sieve.sieve(boolean[],-Re-Comp","0:-1,1:0",0,602615064
bubo_runs20_BuboNested,Nested,Sieve,/home/hb478/repos/BuboExperiments/BuboLoopObserverEffect/bubo_runs20_BuboNested/logs/Sieve_BuboOn.log,539243276430,120,"Sieve.sieve(boolean[],-Re-Comp","0:-1,1:0",1,284578546
bubo_runs20_BuboNested,Nested,Sieve,/home/hb478/repos/BuboExperiments/BuboLoopObserverEffect/bubo_runs20_BuboNested/logs/Sieve_BuboOn.log,539243276430,121,"java.util.Arrays.fill(boolean[],","0:-1,1:-1,2:-1",0,70
bubo_runs20_BuboNested,Nested,Sieve,/home/hb478/repos/BuboExperiments/BuboLoopObserverEffect/bubo_runs20_BuboNested/logs/Sieve_BuboOn.log,539243276430,121,"java.util.Arrays.fill(boolean[],","0:-1,1:-1,2:-1",1,4916
bubo_runs20_BuboNested,Nested,Sieve,/home/hb478/repos/BuboExperiments/BuboLoopObserverEffect/bubo_runs20_BuboNested/logs/Sieve_BuboOn.log,539243276430,121,"java.util.Arrays.fill(boolean[],","0:-1,1:-1,2:-1",2,116
bubo_runs20_BuboNested,Nested,Sieve,/home/hb478/repos/BuboExperiments/BuboLoopObserverEffect/bubo_runs20_BuboNested/logs/Sieve_BuboOn.log,539243276430,122,"java.util.Arrays.fill(boolean[],-Re-Comp","0:-1,1:-1,2:-1",0,355190
bubo_runs20_BuboNested,Nested,Sieve,/home/hb478/repos/BuboExperiments/BuboLoopObserverEffect/bubo_runs20_BuboNested/logs/Sieve_BuboOn.log,539243276430,122,"java.util.Arrays.fill(boolean[],-Re-Comp","0:-1,1:-1,2:-1",1,34924342
bubo_runs20_BuboNested,Nested,Sieve,/home/hb478/repos/BuboExperiments/BuboLoopObserverEffect/bubo_runs20_BuboNested/logs/Sieve_BuboOn.log,539243276430,122,"java.util.Arrays.fill(boolean[],-Re-Comp","0:-1,1:-1,2:-1",2,404148
bubo_runs20_BuboNested,Nested,Sieve,/home/hb478/repos/BuboExperiments/BuboLoopObserverEffect/bubo_runs20_BuboNested/logs/Sieve_BuboOn.log,539243276430,125,Sieve.benchmark(),"0:-1,3:-1,4:-1,1:-1,2:1",0,705998
bubo_runs20_BuboNested,Nested,Sieve,/home/hb478/repos/BuboExperiments/BuboLoopObserverEffect/bubo_runs20_BuboNested/logs/Sieve_BuboOn.log,539243276430,125,Sieve.benchmark(),"0:-1,3:-1,4:-1,1:-1,2:1",1,1354454712
bubo_runs20_BuboNested,Nested,Sieve,/home/hb478/repos/BuboExperiments/BuboLoopObserverEffect/bubo_runs20_BuboNested/logs/Sieve_BuboOn.log,539243276430,125,Sieve.benchmark(),"0:-1,3:-1,4:-1,1:-1,2:1",2,721350162
bubo_runs20_BuboNested,Nested,Sieve,/home/hb478/repos/BuboExperiments/BuboLoopObserverEffect/bubo_runs20_BuboNested/logs/Sieve_BuboOn.log,539243276430,125,Sieve.benchmark(),"0:-1,3:-1,4:-1,1:-1,2:1",3,69765456
bubo_runs20_BuboNested,Nested,Sieve,/home/hb478/repos/BuboExperiments/BuboLoopObserverEffect/bubo_runs20_BuboNested/logs/Sieve_BuboOn.log,539243276430,125,Sieve.benchmark(),"0:-1,3:-1,4:-1,1:-1,2:1",4,816188
bubo_runs20_BuboNested,Nested,Sieve,/home/hb478/repos/BuboExperiments/BuboLoopObserverEffect/bubo_runs20_BuboNested/logs/Sieve_BuboOn.log,539243276430,136,"java.lang.StringLatin1.equals(byte[],",0:-1,0,2978
bubo_runs20_BuboNested,Nested,Sieve,/home/hb478/repos/BuboExperiments/BuboLoopObserverEffect/bubo_runs20_BuboNested/logs/Sieve_BuboOn.log,539243276430,140,Benchmark.innerBenchmarkLoop(int),"1:-1,7:-1,8:-1,2:-1,3:2,0:-1,4:0,9:0,10:0,5:0,6:5",0,1014624698
bubo_runs20_BuboNested,Nested,Sieve,/home/hb478/repos/BuboExperiments/BuboLoopObserverEffect/bubo_runs20_BuboNested/logs/Sieve_BuboOn.log,539243276430,140,Benchmark.innerBenchmarkLoop(int),"1:-1,7:-1,8:-1,2:-1,3:2,0:-1,4:0,9:0,10:0,5:0,6:5",1,74
bubo_runs20_BuboNested,Nested,Sieve,/home/hb478/repos/BuboExperiments/BuboLoopObserverEffect/bubo_runs20_BuboNested/logs/Sieve_BuboOn.log,539243276430,140,Benchmark.innerBenchmarkLoop(int),"1:-1,7:-1,8:-1,2:-1,3:2,0:-1,4:0,9:0,10:0,5:0,6:5",2,109200
bubo_runs20_BuboNested,Nested,Sieve,/home/hb478/repos/BuboExperiments/BuboLoopObserverEffect/bubo_runs20_BuboNested/logs/Sieve_BuboOn.log,539243276430,140,Benchmark.innerBenchmarkLoop(int),"1:-1,7:-1,8:-1,2:-1,3:2,0:-1,4:0,9:0,10:0,5:0,6:5",3,53816
bubo_runs20_BuboNested,Nested,Sieve,/home/hb478/repos/BuboExperiments/BuboLoopObserverEffect/bubo_runs20_BuboNested/logs/Sieve_BuboOn.log,539243276430,140,Benchmark.innerBenchmarkLoop(int),"1:-1,7:-1,8:-1,2:-1,3:2,0:-1,4:0,9:0,10:0,5:0,6:5",4,483902
bubo_runs20_BuboNested,Nested,Sieve,/home/hb478/repos/BuboExperiments/BuboLoopObserverEffect/bubo_runs20_BuboNested/logs/Sieve_BuboOn.log,539243276430,140,Benchmark.innerBenchmarkLoop(int),"1:-1,7:-1,8:-1,2:-1,3:2,0:-1,4:0,9:0,10:0,5:0,6:5",5,949375224
bubo_runs20_BuboNested,Nested,Sieve,/home/hb478/repos/BuboExperiments/BuboLoopObserverEffect/bubo_runs20_BuboNested/logs/Sieve_BuboOn.log,539243276430,140,Benchmark.innerBenchmarkLoop(int),"1:-1,7:-1,8:-1,2:-1,3:2,0:-1,4:0,9:0,10:0,5:0,6:5",6,503411784
bubo_runs20_BuboNested,Nested,Sieve,/home/hb478/repos/BuboExperiments/BuboLoopObserverEffect/bubo_runs20_BuboNested/logs/Sieve_BuboOn.log,539243276430,140,Benchmark.innerBenchmarkLoop(int),"1:-1,7:-1,8:-1,2:-1,3:2,0:-1,4:0,9:0,10:0,5:0,6:5",7,5108
bubo_runs20_BuboNested,Nested,Sieve,/home/hb478/repos/BuboExperiments/BuboLoopObserverEffect/bubo_runs20_BuboNested/logs/Sieve_BuboOn.log,539243276430,140,Benchmark.innerBenchmarkLoop(int),"1:-1,7:-1,8:-1,2:-1,3:2,0:-1,4:0,9:0,10:0,5:0,6:5",8,120
bubo_runs20_BuboNested,Nested,Sieve,/home/hb478/repos/BuboExperiments/BuboLoopObserverEffect/bubo_runs20_BuboNested/logs/Sieve_BuboOn.log,539243276430,140,Benchmark.innerBenchmarkLoop(int),"1:-1,7:-1,8:-1,2:-1,3:2,0:-1,4:0,9:0,10:0,5:0,6:5",9,48527700
bubo_runs20_BuboNested,Nested,Sieve,/home/hb478/repos/BuboExperiments/BuboLoopObserverEffect/bubo_runs20_BuboNested/logs/Sieve_BuboOn.log,539243276430,140,Benchmark.innerBenchmarkLoop(int),"1:-1,7:-1,8:-1,2:-1,3:2,0:-1,4:0,9:0,10:0,5:0,6:5",10,541540
bubo_runs20_BuboNested,Nested,Sieve,/home/hb478/repos/BuboExperiments/BuboLoopObserverEffect/bubo_runs20_BuboNested/logs/Sieve_BuboOn.log,539243276430,141,Benchmark.innerBenchmarkLoop(int)-Re-Comp,"0:-1,1:0,4:0,5:0,2:0,3:2",0,535318465868
bubo_runs20_BuboNested,Nested,Sieve,/home/hb478/repos/BuboExperiments/BuboLoopObserverEffect/bubo_runs20_BuboNested/logs/Sieve_BuboOn.log,539243276430,141,Benchmark.innerBenchmarkLoop(int)-Re-Comp,"0:-1,1:0,4:0,5:0,2:0,3:2",1,253409620
bubo_runs20_BuboNested,Nested,Sieve,/home/hb478/repos/BuboExperiments/BuboLoopObserverEffect/bubo_runs20_BuboNested/logs/Sieve_BuboOn.log,539243276430,141,Benchmark.innerBenchmarkLoop(int)-Re-Comp,"0:-1,1:0,4:0,5:0,2:0,3:2",2,503339944744
bubo_runs20_BuboNested,Nested,Sieve,/home/hb478/repos/BuboExperiments/BuboLoopObserverEffect/bubo_runs20_BuboNested/logs/Sieve_BuboOn.log,539243276430,141,Benchmark.innerBenchmarkLoop(int)-Re-Comp,"0:-1,1:0,4:0,5:0,2:0,3:2",3,264662676842
bubo_runs20_BuboNested,Nested,Sieve,/home/hb478/repos/BuboExperiments/BuboLoopObserverEffect/bubo_runs20_BuboNested/logs/Sieve_BuboOn.log,539243276430,141,Benchmark.innerBenchmarkLoop(int)-Re-Comp,"0:-1,1:0,4:0,5:0,2:0,3:2",4,25386693700
bubo_runs20_BuboNested,Nested,Sieve,/home/hb478/repos/BuboExperiments/BuboLoopObserverEffect/bubo_runs20_BuboNested/logs/Sieve_BuboOn.log,539243276430,141,Benchmark.innerBenchmarkLoop(int)-Re-Comp,"0:-1,1:0,4:0,5:0,2:0,3:2",5,290153874
bubo_runs20_BuboNested,Nested,Sieve,/home/hb478/repos/BuboExperiments/BuboLoopObserverEffect/bubo_runs20_BuboNested/logs/Sieve_BuboOn.log,539243276430,150,"java.lang.StringLatin1.inflate(byte[],","0:-1,1:-1,2:-1",0,12082
bubo_runs20_BuboNested,Nested,Sieve,/home/hb478/repos/BuboExperiments/BuboLoopObserverEffect/bubo_runs20_BuboNested/logs/Sieve_BuboOn.log,539243276430,150,"java.lang.StringLatin1.inflate(byte[],","0:-1,1:-1,2:-1",1,20752
bubo_runs20_BuboNested,Nested,Sieve,/home/hb478/repos/BuboExperiments/BuboLoopObserverEffect/bubo_runs20_BuboNested/logs/Sieve_BuboOn.log,539243276430,150,"java.lang.StringLatin1.inflate(byte[],","0:-1,1:-1,2:-1",2,14852
bubo_runs21_BuboNested,Nested,Bounce,/home/hb478/repos/BuboExperiments/BuboLoopObserverEffect/bubo_runs21_BuboNested/logs/Bounce_BuboOn.log,223492633696,52,java.util.ImmutableCollections$SetN$SetNIterator.next(),0:-1,0,356420
bubo_runs21_BuboNested,Nested,Bounce,/home/hb478/repos/BuboExperiments/BuboLoopObserverEffect/bubo_runs21_BuboNested/logs/Bounce_BuboOn.log,223492633696,56,"java.util.HashMap.putVal(int,",0:-1,0,10914
bubo_runs21_BuboNested,Nested,Bounce,/home/hb478/repos/BuboExperiments/BuboLoopObserverEffect/bubo_runs21_BuboNested/logs/Bounce_BuboOn.log,223492633696,57,java.lang.String.equals(Object),0:-1,0,9300
bubo_runs21_BuboNested,Nested,Bounce,/home/hb478/repos/BuboExperiments/BuboLoopObserverEffect/bubo_runs21_BuboNested/logs/Bounce_BuboOn.log,223492633696,69,java.util.HashMap.resize(),"2:-1,0:-1,1:0",0,34854
bubo_runs21_BuboNested,Nested,Bounce,/home/hb478/repos/BuboExperiments/BuboLoopObserverEffect/bubo_runs21_BuboNested/logs/Bounce_BuboOn.log,223492633696,69,java.util.HashMap.resize(),"2:-1,0:-1,1:0",1,9876
bubo_runs21_BuboNested,Nested,Bounce,/home/hb478/repos/BuboExperiments/BuboLoopObserverEffect/bubo_runs21_BuboNested/logs/Bounce_BuboOn.log,223492633696,69,java.util.HashMap.resize(),"2:-1,0:-1,1:0",2,16568
bubo_runs21_BuboNested,Nested,Bounce,/home/hb478/repos/BuboExperiments/BuboLoopObserverEffect/bubo_runs21_BuboNested/logs/Bounce_BuboOn.log,223492633696,88,java.util.Properties$LineReader.readLine(),"5:-1,3:-1,4:3,0:-1,1:0,2:1",1,253598
bubo_runs21_BuboNested,Nested,Bounce,/home/hb478/repos/BuboExperiments/BuboLoopObserverEffect/bubo_runs21_BuboNested/logs/Bounce_BuboOn.log,223492633696,88,java.util.Properties$LineReader.readLine(),"5:-1,3:-1,4:3,0:-1,1:0,2:1",2,16994
bubo_runs21_BuboNested,Nested,Bounce,/home/hb478/repos/BuboExperiments/BuboLoopObserverEffect/bubo_runs21_BuboNested/logs/Bounce_BuboOn.log,223492633696,88,java.util.Properties$LineReader.readLine(),"5:-1,3:-1,4:3,0:-1,1:0,2:1",5,598
bubo_runs21_BuboNested,Nested,Bounce,/home/hb478/repos/BuboExperiments/BuboLoopObserverEffect/bubo_runs21_BuboNested/logs/Bounce_BuboOn.log,223492633696,89,java.util.Properties$LineReader.readLine()-Re-Comp,"0:-1,1:0,2:1",0,553856
bubo_runs21_BuboNested,Nested,Bounce,/home/hb478/repos/BuboExperiments/BuboLoopObserverEffect/bubo_runs21_BuboNested/logs/Bounce_BuboOn.log,223492633696,89,java.util.Properties$LineReader.readLine()-Re-Comp,"0:-1,1:0,2:1",1,498402
bubo_runs21_BuboNested,Nested,Bounce,/home/hb478/repos/BuboExperiments/BuboLoopObserverEffect/bubo_runs21_BuboNested/logs/Bounce_BuboOn.log,223492633696,89,java.util.Properties$LineReader.readLine()-Re-Comp,"0:-1,1:0,2:1",2,141970
bubo_runs21_BuboNested,Nested,Bounce,/home/hb478/repos/BuboExperiments/BuboLoopObserverEffect/bubo_runs21_BuboNested/logs/Bounce_BuboOn.log,223492633696,92,"jdk.internal.util.ArraysSupport.unsignedHashCode(int,","0:-1,1:-1,2:-1",0,55556
bubo_runs21_BuboNested,Nested,Bounce,/home/hb478/repos/BuboExperiments/BuboLoopObserverEffect/bubo_runs21_BuboNested/logs/Bounce_BuboOn.log,223492633696,92,"jdk.internal.util.ArraysSupport.unsignedHashCode(int,","0:-1,1:-1,2:-1",1,108660
bubo_runs21_BuboNested,Nested,Bounce,/home/hb478/repos/BuboExperiments/BuboLoopObserverEffect/bubo_runs21_BuboNested/logs/Bounce_BuboOn.log,223492633696,92,"jdk.internal.util.ArraysSupport.unsignedHashCode(int,","0:-1,1:-1,2:-1",2,91630
bubo_runs21_BuboNested,Nested,Bounce,/home/hb478/repos/BuboExperiments/BuboLoopObserverEffect/bubo_runs21_BuboNested/logs/Bounce_BuboOn.log,223492633696,120,"java.lang.StringLatin1.equals(byte[],",0:-1,0,4296
bubo_runs21_BuboNested,Nested,Bounce,/home/hb478/repos/BuboExperiments/BuboLoopObserverEffect/bubo_runs21_BuboNested/logs/Bounce_BuboOn.log,223492633696,125,Bounce.benchmark(),"2:-1,0:-1,1:0",0,88244
bubo_runs21_BuboNested,Nested,Bounce,/home/hb478/repos/BuboExperiments/BuboLoopObserverEffect/bubo_runs21_BuboNested/logs/Bounce_BuboOn.log,223492633696,125,Bounce.benchmark(),"2:-1,0:-1,1:0",1,84668
bubo_runs21_BuboNested,Nested,Bounce,/home/hb478/repos/BuboExperiments/BuboLoopObserverEffect/bubo_runs21_BuboNested/logs/Bounce_BuboOn.log,223492633696,125,Bounce.benchmark(),"2:-1,0:-1,1:0",2,630
bubo_runs21_BuboNested,Nested,Bounce,/home/hb478/repos/BuboExperiments/BuboLoopObserverEffect/bubo_runs21_BuboNested/logs/Bounce_BuboOn.log,223492633696,126,Bounce.benchmark()-Re-Comp,"3:-1,2:-1,0:-1,1:0",0,208624601948
bubo_runs21_BuboNested,Nested,Bounce,/home/hb478/repos/BuboExperiments/BuboLoopObserverEffect/bubo_runs21_BuboNested/logs/Bounce_BuboOn.log,223492633696,126,Bounce.benchmark()-Re-Comp,"3:-1,2:-1,0:-1,1:0",1,191428777678
bubo_runs21_BuboNested,Nested,Bounce,/home/hb478/repos/BuboExperiments/BuboLoopObserverEffect/bubo_runs21_BuboNested/logs/Bounce_BuboOn.log,223492633696,126,Bounce.benchmark()-Re-Comp,"3:-1,2:-1,0:-1,1:0",2,12589770888
bubo_runs21_BuboNested,Nested,Bounce,/home/hb478/repos/BuboExperiments/BuboLoopObserverEffect/bubo_runs21_BuboNested/logs/Bounce_BuboOn.log,223492633696,126,Bounce.benchmark()-Re-Comp,"3:-1,2:-1,0:-1,1:0",3,580001876
bubo_runs21_BuboNested,Nested,Bounce,/home/hb478/repos/BuboExperiments/BuboLoopObserverEffect/bubo_runs21_BuboNested/logs/Bounce_BuboOn.log,223492633696,143,Benchmark.innerBenchmarkLoop(int),0:-1,0,429919528
bubo_runs21_BuboNested,Nested,Bounce,/home/hb478/repos/BuboExperiments/BuboLoopObserverEffect/bubo_runs21_BuboNested/logs/Bounce_BuboOn.log,223492633696,144,Benchmark.innerBenchmarkLoop(int)-Re-Comp,0:-1,0,221640228784
bubo_runs21_BuboNested,Nested,Bounce,/home/hb478/repos/BuboExperiments/BuboLoopObserverEffect/bubo_runs21_BuboNested/logs/Bounce_BuboOn.log,223492633696,152,"java.lang.StringLatin1.inflate(byte[],","0:-1,1:-1,2:-1",0,12480
bubo_runs21_BuboNested,Nested,Bounce,/home/hb478/repos/BuboExperiments/BuboLoopObserverEffect/bubo_runs21_BuboNested/logs/Bounce_BuboOn.log,223492633696,152,"java.lang.StringLatin1.inflate(byte[],","0:-1,1:-1,2:-1",1,20694
bubo_runs21_BuboNested,Nested,Bounce,/home/hb478/repos/BuboExperiments/BuboLoopObserverEffect/bubo_runs21_BuboNested/logs/Bounce_BuboOn.log,223492633696,152,"java.lang.StringLatin1.inflate(byte[],","0:-1,1:-1,2:-1",2,17676
bubo_runs21_BuboNested,Nested,Bounce,/home/hb478/repos/BuboExperiments/BuboLoopObserverEffect/bubo_runs21_BuboNested/logs/Bounce_BuboOn.log,223492633696,161,"java.lang.StringCoding.implEncodeAsciiArray(char[],",0:-1,0,210
bubo_runs21_BuboNested,Nested,Bounce,/home/hb478/repos/BuboExperiments/BuboLoopObserverEffect/bubo_runs21_BuboNested/logs/Bounce_BuboOn.log,223492633696,162,"java.lang.StringCoding.implEncodeAsciiArray(char[],-Re-Comp",0:-1,0,538
bubo_runs21_BuboNested,Nested,Json,/home/hb478/repos/BuboExperiments/BuboLoopObserverEffect/bubo_runs21_BuboNested/logs/Json_BuboOn.log,154953537046,52,java.util.ImmutableCollections$SetN$SetNIterator.next(),0:-1,0,363240
bubo_runs21_BuboNested,Nested,Json,/home/hb478/repos/BuboExperiments/BuboLoopObserverEffect/bubo_runs21_BuboNested/logs/Json_BuboOn.log,154953537046,56,"java.util.HashMap.putVal(int,",0:-1,0,9930
bubo_runs21_BuboNested,Nested,Json,/home/hb478/repos/BuboExperiments/BuboLoopObserverEffect/bubo_runs21_BuboNested/logs/Json_BuboOn.log,154953537046,57,java.lang.String.equals(Object),0:-1,0,9154
bubo_runs21_BuboNested,Nested,Json,/home/hb478/repos/BuboExperiments/BuboLoopObserverEffect/bubo_runs21_BuboNested/logs/Json_BuboOn.log,154953537046,70,java.util.HashMap.resize(),"2:-1,0:-1,1:0",0,32830
bubo_runs21_BuboNested,Nested,Json,/home/hb478/repos/BuboExperiments/BuboLoopObserverEffect/bubo_runs21_BuboNested/logs/Json_BuboOn.log,154953537046,70,java.util.HashMap.resize(),"2:-1,0:-1,1:0",1,9706
bubo_runs21_BuboNested,Nested,Json,/home/hb478/repos/BuboExperiments/BuboLoopObserverEffect/bubo_runs21_BuboNested/logs/Json_BuboOn.log,154953537046,70,java.util.HashMap.resize(),"2:-1,0:-1,1:0",2,16310
bubo_runs21_BuboNested,Nested,Json,/home/hb478/repos/BuboExperiments/BuboLoopObserverEffect/bubo_runs21_BuboNested/logs/Json_BuboOn.log,154953537046,88,java.util.Properties$LineReader.readLine(),"5:-1,3:-1,4:3,0:-1,1:0,2:1",1,253798
bubo_runs21_BuboNested,Nested,Json,/home/hb478/repos/BuboExperiments/BuboLoopObserverEffect/bubo_runs21_BuboNested/logs/Json_BuboOn.log,154953537046,88,java.util.Properties$LineReader.readLine(),"5:-1,3:-1,4:3,0:-1,1:0,2:1",2,16512
bubo_runs21_BuboNested,Nested,Json,/home/hb478/repos/BuboExperiments/BuboLoopObserverEffect/bubo_runs21_BuboNested/logs/Json_BuboOn.log,154953537046,88,java.util.Properties$LineReader.readLine(),"5:-1,3:-1,4:3,0:-1,1:0,2:1",5,530
bubo_runs21_BuboNested,Nested,Json,/home/hb478/repos/BuboExperiments/BuboLoopObserverEffect/bubo_runs21_BuboNested/logs/Json_BuboOn.log,154953537046,89,java.util.Properties$LineReader.readLine()-Re-Comp,"0:-1,1:0,2:1",1,4330
bubo_runs21_BuboNested,Nested,Json,/home/hb478/repos/BuboExperiments/BuboLoopObserverEffect/bubo_runs21_BuboNested/logs/Json_BuboOn.log,154953537046,89,java.util.Properties$LineReader.readLine()-Re-Comp,"0:-1,1:0,2:1",2,2328
bubo_runs21_BuboNested,Nested,Json,/home/hb478/repos/BuboExperiments/BuboLoopObserverEffect/bubo_runs21_BuboNested/logs/Json_BuboOn.log,154953537046,90,java.util.Properties$LineReader.readLine()-Re-Comp,"5:-1,3:-1,4:3,0:-1,1:0,2:1",0,49210
bubo_runs21_BuboNested,Nested,Json,/home/hb478/repos/BuboExperiments/BuboLoopObserverEffect/bubo_runs21_BuboNested/logs/Json_BuboOn.log,154953537046,90,java.util.Properties$LineReader.readLine()-Re-Comp,"5:-1,3:-1,4:3,0:-1,1:0,2:1",1,37334
bubo_runs21_BuboNested,Nested,Json,/home/hb478/repos/BuboExperiments/BuboLoopObserverEffect/bubo_runs21_BuboNested/logs/Json_BuboOn.log,154953537046,90,java.util.Properties$LineReader.readLine()-Re-Comp,"5:-1,3:-1,4:3,0:-1,1:0,2:1",2,21792
bubo_runs21_BuboNested,Nested,Json,/home/hb478/repos/BuboExperiments/BuboLoopObserverEffect/bubo_runs21_BuboNested/logs/Json_BuboOn.log,154953537046,90,java.util.Properties$LineReader.readLine()-Re-Comp,"5:-1,3:-1,4:3,0:-1,1:0,2:1",5,124
bubo_runs21_BuboNested,Nested,Json,/home/hb478/repos/BuboExperiments/BuboLoopObserverEffect/bubo_runs21_BuboNested/logs/Json_BuboOn.log,154953537046,91,java.util.Properties$LineReader.readLine()-Re-Comp,"0:-1,1:0,2:1",0,358224
bubo_runs21_BuboNested,Nested,Json,/home/hb478/repos/BuboExperiments/BuboLoopObserverEffect/bubo_runs21_BuboNested/logs/Json_BuboOn.log,154953537046,91,java.util.Properties$LineReader.readLine()-Re-Comp,"0:-1,1:0,2:1",1,429534
bubo_runs21_BuboNested,Nested,Json,/home/hb478/repos/BuboExperiments/BuboLoopObserverEffect/bubo_runs21_BuboNested/logs/Json_BuboOn.log,154953537046,91,java.util.Properties$LineReader.readLine()-Re-Comp,"0:-1,1:0,2:1",2,66762
bubo_runs21_BuboNested,Nested,Json,/home/hb478/repos/BuboExperiments/BuboLoopObserverEffect/bubo_runs21_BuboNested/logs/Json_BuboOn.log,154953537046,94,"jdk.internal.util.ArraysSupport.unsignedHashCode(int,","0:-1,1:-1,2:-1",0,51542
bubo_runs21_BuboNested,Nested,Json,/home/hb478/repos/BuboExperiments/BuboLoopObserverEffect/bubo_runs21_BuboNested/logs/Json_BuboOn.log,154953537046,94,"jdk.internal.util.ArraysSupport.unsignedHashCode(int,","0:-1,1:-1,2:-1",1,96282
bubo_runs21_BuboNested,Nested,Json,/home/hb478/repos/BuboExperiments/BuboLoopObserverEffect/bubo_runs21_BuboNested/logs/Json_BuboOn.log,154953537046,94,"jdk.internal.util.ArraysSupport.unsignedHashCode(int,","0:-1,1:-1,2:-1",2,82438
bubo_runs21_BuboNested,Nested,Json,/home/hb478/repos/BuboExperiments/BuboLoopObserverEffect/bubo_runs21_BuboNested/logs/Json_BuboOn.log,154953537046,122,"java.lang.StringLatin1.equals(byte[],",0:-1,0,221468
bubo_runs21_BuboNested,Nested,Json,/home/hb478/repos/BuboExperiments/BuboLoopObserverEffect/bubo_runs21_BuboNested/logs/Json_BuboOn.log,154953537046,127,java.lang.String.equals(Object)-Re-Comp,0:-1,0,7212288
bubo_runs21_BuboNested,Nested,Json,/home/hb478/repos/BuboExperiments/BuboLoopObserverEffect/bubo_runs21_BuboNested/logs/Json_BuboOn.log,154953537046,142,"json.JsonPureStringParser.subStringFromTo(int,","1:-1,0:-1",0,280324
bubo_runs21_BuboNested,Nested,Json,/home/hb478/repos/BuboExperiments/BuboLoopObserverEffect/bubo_runs21_BuboNested/logs/Json_BuboOn.log,154953537046,142,"json.JsonPureStringParser.subStringFromTo(int,","1:-1,0:-1",1,235292
bubo_runs21_BuboNested,Nested,Json,/home/hb478/repos/BuboExperiments/BuboLoopObserverEffect/bubo_runs21_BuboNested/logs/Json_BuboOn.log,154953537046,143,json.JsonPureStringParser.readStringInternal(),"0:-1,3:-1,2:-1,1:-1",0,27804633344
bubo_runs21_BuboNested,Nested,Json,/home/hb478/repos/BuboExperiments/BuboLoopObserverEffect/bubo_runs21_BuboNested/logs/Json_BuboOn.log,154953537046,143,json.JsonPureStringParser.readStringInternal(),"0:-1,3:-1,2:-1,1:-1",1,6689494532
bubo_runs21_BuboNested,Nested,Json,/home/hb478/repos/BuboExperiments/BuboLoopObserverEffect/bubo_runs21_BuboNested/logs/Json_BuboOn.log,154953537046,143,json.JsonPureStringParser.readStringInternal(),"0:-1,3:-1,2:-1,1:-1",3,5484893818
bubo_runs21_BuboNested,Nested,Json,/home/hb478/repos/BuboExperiments/BuboLoopObserverEffect/bubo_runs21_BuboNested/logs/Json_BuboOn.log,154953537046,154,json.JsonPureStringParser.readArray(),"3:-1,2:-1,0:-1,1:-1",0,376981533988
bubo_runs21_BuboNested,Nested,Json,/home/hb478/repos/BuboExperiments/BuboLoopObserverEffect/bubo_runs21_BuboNested/logs/Json_BuboOn.log,154953537046,154,json.JsonPureStringParser.readArray(),"3:-1,2:-1,0:-1,1:-1",1,46501942
bubo_runs21_BuboNested,Nested,Json,/home/hb478/repos/BuboExperiments/BuboLoopObserverEffect/bubo_runs21_BuboNested/logs/Json_BuboOn.log,154953537046,154,json.JsonPureStringParser.readArray(),"3:-1,2:-1,0:-1,1:-1",2,2177927098
bubo_runs21_BuboNested,Nested,Json,/home/hb478/repos/BuboExperiments/BuboLoopObserverEffect/bubo_runs21_BuboNested/logs/Json_BuboOn.log,154953537046,154,json.JsonPureStringParser.readArray(),"3:-1,2:-1,0:-1,1:-1",3,4299626
bubo_runs21_BuboNested,Nested,Json,/home/hb478/repos/BuboExperiments/BuboLoopObserverEffect/bubo_runs21_BuboNested/logs/Json_BuboOn.log,154953537046,156,json.JsonPureStringParser.endCapture(),"1:-1,0:-1",0,1979608604
bubo_runs21_BuboNested,Nested,Json,/home/hb478/repos/BuboExperiments/BuboLoopObserverEffect/bubo_runs21_BuboNested/logs/Json_BuboOn.log,154953537046,156,json.JsonPureStringParser.endCapture(),"1:-1,0:-1",1,1930583358
bubo_runs21_BuboNested,Nested,Json,/home/hb478/repos/BuboExperiments/BuboLoopObserverEffect/bubo_runs21_BuboNested/logs/Json_BuboOn.log,154953537046,157,json.JsonPureStringParser.readNumber(),0:-1,0,6763938408
bubo_runs21_BuboNested,Nested,Json,/home/hb478/repos/BuboExperiments/BuboLoopObserverEffect/bubo_runs21_BuboNested/logs/Json_BuboOn.log,154953537046,165,som.Vector.<init>(),0:-1,0,244886
bubo_runs21_BuboNested,Nested,Json,/home/hb478/repos/BuboExperiments/BuboLoopObserverEffect/bubo_runs21_BuboNested/logs/Json_BuboOn.log,154953537046,167,json.JsonPureStringParser.readObject(),"1:-1,4:-1,5:-1,0:-1,2:-1,3:-1",0,258980244866
bubo_runs21_BuboNested,Nested,Json,/home/hb478/repos/BuboExperiments/BuboLoopObserverEffect/bubo_runs21_BuboNested/logs/Json_BuboOn.log,154953537046,167,json.JsonPureStringParser.readObject(),"1:-1,4:-1,5:-1,0:-1,2:-1,3:-1",1,542756086
bubo_runs21_BuboNested,Nested,Json,/home/hb478/repos/BuboExperiments/BuboLoopObserverEffect/bubo_runs21_BuboNested/logs/Json_BuboOn.log,154953537046,167,json.JsonPureStringParser.readObject(),"1:-1,4:-1,5:-1,0:-1,2:-1,3:-1",2,65766702
bubo_runs21_BuboNested,Nested,Json,/home/hb478/repos/BuboExperiments/BuboLoopObserverEffect/bubo_runs21_BuboNested/logs/Json_BuboOn.log,154953537046,167,json.JsonPureStringParser.readObject(),"1:-1,4:-1,5:-1,0:-1,2:-1,3:-1",3,67320492
bubo_runs21_BuboNested,Nested,Json,/home/hb478/repos/BuboExperiments/BuboLoopObserverEffect/bubo_runs21_BuboNested/logs/Json_BuboOn.log,154953537046,167,json.JsonPureStringParser.readObject(),"1:-1,4:-1,5:-1,0:-1,2:-1,3:-1",4,539139288
bubo_runs21_BuboNested,Nested,Json,/home/hb478/repos/BuboExperiments/BuboLoopObserverEffect/bubo_runs21_BuboNested/logs/Json_BuboOn.log,154953537046,167,json.JsonPureStringParser.readObject(),"1:-1,4:-1,5:-1,0:-1,2:-1,3:-1",5,539981228
bubo_runs21_BuboNested,Nested,Json,/home/hb478/repos/BuboExperiments/BuboLoopObserverEffect/bubo_runs21_BuboNested/logs/Json_BuboOn.log,154953537046,192,"java.util.Arrays.copyOf(Object[],",0:-1,0,16517162
bubo_runs21_BuboNested,Nested,Json,/home/hb478/repos/BuboExperiments/BuboLoopObserverEffect/bubo_runs21_BuboNested/logs/Json_BuboOn.log,154953537046,205,Benchmark.innerBenchmarkLoop(int),0:-1,0,54622010
bubo_runs21_BuboNested,Nested,Json,/home/hb478/repos/BuboExperiments/BuboLoopObserverEffect/bubo_runs21_BuboNested/logs/Json_BuboOn.log,154953537046,206,Benchmark.innerBenchmarkLoop(int)-Re-Comp,0:-1,0,89205620290
bubo_runs21_BuboNested,Nested,Json,/home/hb478/repos/BuboExperiments/BuboLoopObserverEffect/bubo_runs21_BuboNested/logs/Json_BuboOn.log,154953537046,207,"java.lang.StringLatin1.inflate(byte[],","0:-1,1:-1,2:-1",0,10258
bubo_runs21_BuboNested,Nested,Json,/home/hb478/repos/BuboExperiments/BuboLoopObserverEffect/bubo_runs21_BuboNested/logs/Json_BuboOn.log,154953537046,207,"java.lang.StringLatin1.inflate(byte[],","0:-1,1:-1,2:-1",1,14762
bubo_runs21_BuboNested,Nested,Json,/home/hb478/repos/BuboExperiments/BuboLoopObserverEffect/bubo_runs21_BuboNested/logs/Json_BuboOn.log,154953537046,207,"java.lang.StringLatin1.inflate(byte[],","0:-1,1:-1,2:-1",2,12092
bubo_runs21_BuboNested,Nested,LoopBenchmarks,/home/hb478/repos/BuboExperiments/BuboLoopObserverEffect/bubo_runs21_BuboNested/logs/LoopBenchmarks_BuboOn.log,222290804750,52,java.util.ImmutableCollections$SetN$SetNIterator.next(),0:-1,0,365168
bubo_runs21_BuboNested,Nested,LoopBenchmarks,/home/hb478/repos/BuboExperiments/BuboLoopObserverEffect/bubo_runs21_BuboNested/logs/LoopBenchmarks_BuboOn.log,222290804750,56,"java.util.HashMap.putVal(int,",0:-1,0,10246
bubo_runs21_BuboNested,Nested,LoopBenchmarks,/home/hb478/repos/BuboExperiments/BuboLoopObserverEffect/bubo_runs21_BuboNested/logs/LoopBenchmarks_BuboOn.log,222290804750,57,java.lang.String.equals(Object),0:-1,0,9506
bubo_runs21_BuboNested,Nested,LoopBenchmarks,/home/hb478/repos/BuboExperiments/BuboLoopObserverEffect/bubo_runs21_BuboNested/logs/LoopBenchmarks_BuboOn.log,222290804750,73,java.util.HashMap.resize(),"2:-1,0:-1,1:0",0,26376
bubo_runs21_BuboNested,Nested,LoopBenchmarks,/home/hb478/repos/BuboExperiments/BuboLoopObserverEffect/bubo_runs21_BuboNested/logs/LoopBenchmarks_BuboOn.log,222290804750,73,java.util.HashMap.resize(),"2:-1,0:-1,1:0",1,7612
bubo_runs21_BuboNested,Nested,LoopBenchmarks,/home/hb478/repos/BuboExperiments/BuboLoopObserverEffect/bubo_runs21_BuboNested/logs/LoopBenchmarks_BuboOn.log,222290804750,73,java.util.HashMap.resize(),"2:-1,0:-1,1:0",2,16428
bubo_runs21_BuboNested,Nested,LoopBenchmarks,/home/hb478/repos/BuboExperiments/BuboLoopObserverEffect/bubo_runs21_BuboNested/logs/LoopBenchmarks_BuboOn.log,222290804750,88,java.util.Properties$LineReader.readLine(),"5:-1,3:-1,4:3,0:-1,1:0,2:1",1,230582
bubo_runs21_BuboNested,Nested,LoopBenchmarks,/home/hb478/repos/BuboExperiments/BuboLoopObserverEffect/bubo_runs21_BuboNested/logs/LoopBenchmarks_BuboOn.log,222290804750,88,java.util.Properties$LineReader.readLine(),"5:-1,3:-1,4:3,0:-1,1:0,2:1",2,16556
bubo_runs21_BuboNested,Nested,LoopBenchmarks,/home/hb478/repos/BuboExperiments/BuboLoopObserverEffect/bubo_runs21_BuboNested/logs/LoopBenchmarks_BuboOn.log,222290804750,88,java.util.Properties$LineReader.readLine(),"5:-1,3:-1,4:3,0:-1,1:0,2:1",5,458
bubo_runs21_BuboNested,Nested,LoopBenchmarks,/home/hb478/repos/BuboExperiments/BuboLoopObserverEffect/bubo_runs21_BuboNested/logs/LoopBenchmarks_BuboOn.log,222290804750,89,java.util.Properties$LineReader.readLine()-Re-Comp,"0:-1,1:0,2:1",0,553270
bubo_runs21_BuboNested,Nested,LoopBenchmarks,/home/hb478/repos/BuboExperiments/BuboLoopObserverEffect/bubo_runs21_BuboNested/logs/LoopBenchmarks_BuboOn.log,222290804750,89,java.util.Properties$LineReader.readLine()-Re-Comp,"0:-1,1:0,2:1",1,491036
bubo_runs21_BuboNested,Nested,LoopBenchmarks,/home/hb478/repos/BuboExperiments/BuboLoopObserverEffect/bubo_runs21_BuboNested/logs/LoopBenchmarks_BuboOn.log,222290804750,89,java.util.Properties$LineReader.readLine()-Re-Comp,"0:-1,1:0,2:1",2,142970
bubo_runs21_BuboNested,Nested,LoopBenchmarks,/home/hb478/repos/BuboExperiments/BuboLoopObserverEffect/bubo_runs21_BuboNested/logs/LoopBenchmarks_BuboOn.log,222290804750,92,"jdk.internal.util.ArraysSupport.unsignedHashCode(int,","0:-1,1:-1,2:-1",0,128148
bubo_runs21_BuboNested,Nested,LoopBenchmarks,/home/hb478/repos/BuboExperiments/BuboLoopObserverEffect/bubo_runs21_BuboNested/logs/LoopBenchmarks_BuboOn.log,222290804750,92,"jdk.internal.util.ArraysSupport.unsignedHashCode(int,","0:-1,1:-1,2:-1",1,159610
bubo_runs21_BuboNested,Nested,LoopBenchmarks,/home/hb478/repos/BuboExperiments/BuboLoopObserverEffect/bubo_runs21_BuboNested/logs/LoopBenchmarks_BuboOn.log,222290804750,92,"jdk.internal.util.ArraysSupport.unsignedHashCode(int,","0:-1,1:-1,2:-1",2,171516
bubo_runs21_BuboNested,Nested,LoopBenchmarks,/home/hb478/repos/BuboExperiments/BuboLoopObserverEffect/bubo_runs21_BuboNested/logs/LoopBenchmarks_BuboOn.log,222290804750,122,LoopBenchmarks.fibonacciLoop(int),"0:-1,1:-1,2:-1",0,108
bubo_runs21_BuboNested,Nested,LoopBenchmarks,/home/hb478/repos/BuboExperiments/BuboLoopObserverEffect/bubo_runs21_BuboNested/logs/LoopBenchmarks_BuboOn.log,222290804750,122,LoopBenchmarks.fibonacciLoop(int),"0:-1,1:-1,2:-1",1,9656
bubo_runs21_BuboNested,Nested,LoopBenchmarks,/home/hb478/repos/BuboExperiments/BuboLoopObserverEffect/bubo_runs21_BuboNested/logs/LoopBenchmarks_BuboOn.log,222290804750,122,LoopBenchmarks.fibonacciLoop(int),"0:-1,1:-1,2:-1",2,146
bubo_runs21_BuboNested,Nested,LoopBenchmarks,/home/hb478/repos/BuboExperiments/BuboLoopObserverEffect/bubo_runs21_BuboNested/logs/LoopBenchmarks_BuboOn.log,222290804750,123,LoopBenchmarks.fibonacciLoop(int)-Re-Comp,"0:-1,1:-1,2:-1",0,1327280
bubo_runs21_BuboNested,Nested,LoopBenchmarks,/home/hb478/repos/BuboExperiments/BuboLoopObserverEffect/bubo_runs21_BuboNested/logs/LoopBenchmarks_BuboOn.log,222290804750,123,LoopBenchmarks.fibonacciLoop(int)-Re-Comp,"0:-1,1:-1,2:-1",1,207137606
bubo_runs21_BuboNested,Nested,LoopBenchmarks,/home/hb478/repos/BuboExperiments/BuboLoopObserverEffect/bubo_runs21_BuboNested/logs/LoopBenchmarks_BuboOn.log,222290804750,123,LoopBenchmarks.fibonacciLoop(int)-Re-Comp,"0:-1,1:-1,2:-1",2,1759386
bubo_runs21_BuboNested,Nested,LoopBenchmarks,/home/hb478/repos/BuboExperiments/BuboLoopObserverEffect/bubo_runs21_BuboNested/logs/LoopBenchmarks_BuboOn.log,222290804750,124,LoopBenchmarks.main(String[]),"1:-1,3:-1,4:-1,0:-1,2:0,5:0,6:0",0,14835206612
bubo_runs21_BuboNested,Nested,LoopBenchmarks,/home/hb478/repos/BuboExperiments/BuboLoopObserverEffect/bubo_runs21_BuboNested/logs/LoopBenchmarks_BuboOn.log,222290804750,124,LoopBenchmarks.main(String[]),"1:-1,3:-1,4:-1,0:-1,2:0,5:0,6:0",1,80
bubo_runs21_BuboNested,Nested,LoopBenchmarks,/home/hb478/repos/BuboExperiments/BuboLoopObserverEffect/bubo_runs21_BuboNested/logs/LoopBenchmarks_BuboOn.log,222290804750,124,LoopBenchmarks.main(String[]),"1:-1,3:-1,4:-1,0:-1,2:0,5:0,6:0",2,80986806
bubo_runs21_BuboNested,Nested,LoopBenchmarks,/home/hb478/repos/BuboExperiments/BuboLoopObserverEffect/bubo_runs21_BuboNested/logs/LoopBenchmarks_BuboOn.log,222290804750,124,LoopBenchmarks.main(String[]),"1:-1,3:-1,4:-1,0:-1,2:0,5:0,6:0",3,10130
bubo_runs21_BuboNested,Nested,LoopBenchmarks,/home/hb478/repos/BuboExperiments/BuboLoopObserverEffect/bubo_runs21_BuboNested/logs/LoopBenchmarks_BuboOn.log,222290804750,124,LoopBenchmarks.main(String[]),"1:-1,3:-1,4:-1,0:-1,2:0,5:0,6:0",4,144
bubo_runs21_BuboNested,Nested,LoopBenchmarks,/home/hb478/repos/BuboExperiments/BuboLoopObserverEffect/bubo_runs21_BuboNested/logs/LoopBenchmarks_BuboOn.log,222290804750,124,LoopBenchmarks.main(String[]),"1:-1,3:-1,4:-1,0:-1,2:0,5:0,6:0",5,14346819248
bubo_runs21_BuboNested,Nested,LoopBenchmarks,/home/hb478/repos/BuboExperiments/BuboLoopObserverEffect/bubo_runs21_BuboNested/logs/LoopBenchmarks_BuboOn.log,222290804750,124,LoopBenchmarks.main(String[]),"1:-1,3:-1,4:-1,0:-1,2:0,5:0,6:0",6,127764644
bubo_runs21_BuboNested,Nested,LoopBenchmarks,/home/hb478/repos/BuboExperiments/BuboLoopObserverEffect/bubo_runs21_BuboNested/logs/LoopBenchmarks_BuboOn.log,222290804750,127,"java.lang.StringLatin1.equals(byte[],",0:-1,0,21454
bubo_runs21_BuboNested,Nested,LoopBenchmarks,/home/hb478/repos/BuboExperiments/BuboLoopObserverEffect/bubo_runs21_BuboNested/logs/LoopBenchmarks_BuboOn.log,222290804750,137,"java.util.regex.Pattern$BmpCharPropertyGreedy.match(Matcher,",0:-1,0,9392
bubo_runs21_BuboNested,Nested,LoopBenchmarks,/home/hb478/repos/BuboExperiments/BuboLoopObserverEffect/bubo_runs21_BuboNested/logs/LoopBenchmarks_BuboOn.log,222290804750,142,"LoopBenchmarks.mandelbrotLoop(double,",0:-1,0,2762840
bubo_runs21_BuboNested,Nested,LoopBenchmarks,/home/hb478/repos/BuboExperiments/BuboLoopObserverEffect/bubo_runs21_BuboNested/logs/LoopBenchmarks_BuboOn.log,222290804750,143,LoopBenchmarks.main(String[])-Re-Comp,"3:-1,2:-1,4:2,0:-1,1:0,5:1",0,15175280
bubo_runs21_BuboNested,Nested,LoopBenchmarks,/home/hb478/repos/BuboExperiments/BuboLoopObserverEffect/bubo_runs21_BuboNested/logs/LoopBenchmarks_BuboOn.log,222290804750,143,LoopBenchmarks.main(String[])-Re-Comp,"3:-1,2:-1,4:2,0:-1,1:0,5:1",1,15106150
bubo_runs21_BuboNested,Nested,LoopBenchmarks,/home/hb478/repos/BuboExperiments/BuboLoopObserverEffect/bubo_runs21_BuboNested/logs/LoopBenchmarks_BuboOn.log,222290804750,143,LoopBenchmarks.main(String[])-Re-Comp,"3:-1,2:-1,4:2,0:-1,1:0,5:1",2,166698
bubo_runs21_BuboNested,Nested,LoopBenchmarks,/home/hb478/repos/BuboExperiments/BuboLoopObserverEffect/bubo_runs21_BuboNested/logs/LoopBenchmarks_BuboOn.log,222290804750,143,LoopBenchmarks.main(String[])-Re-Comp,"3:-1,2:-1,4:2,0:-1,1:0,5:1",3,118
bubo_runs21_BuboNested,Nested,LoopBenchmarks,/home/hb478/repos/BuboExperiments/BuboLoopObserverEffect/bubo_runs21_BuboNested/logs/LoopBenchmarks_BuboOn.log,222290804750,143,LoopBenchmarks.main(String[])-Re-Comp,"3:-1,2:-1,4:2,0:-1,1:0,5:1",4,87944
bubo_runs21_BuboNested,Nested,LoopBenchmarks,/home/hb478/repos/BuboExperiments/BuboLoopObserverEffect/bubo_runs21_BuboNested/logs/LoopBenchmarks_BuboOn.log,222290804750,143,LoopBenchmarks.main(String[])-Re-Comp,"3:-1,2:-1,4:2,0:-1,1:0,5:1",5,8174394
bubo_runs21_BuboNested,Nested,LoopBenchmarks,/home/hb478/repos/BuboExperiments/BuboLoopObserverEffect/bubo_runs21_BuboNested/logs/LoopBenchmarks_BuboOn.log,222290804750,145,LoopBenchmarks.main(String[])-Re-Comp,"3:-1,2:-1,4:2,0:-1,1:0,5:1",0,351280216
bubo_runs21_BuboNested,Nested,LoopBenchmarks,/home/hb478/repos/BuboExperiments/BuboLoopObserverEffect/bubo_runs21_BuboNested/logs/LoopBenchmarks_BuboOn.log,222290804750,145,LoopBenchmarks.main(String[])-Re-Comp,"3:-1,2:-1,4:2,0:-1,1:0,5:1",1,351184322
bubo_runs21_BuboNested,Nested,LoopBenchmarks,/home/hb478/repos/BuboExperiments/BuboLoopObserverEffect/bubo_runs21_BuboNested/logs/LoopBenchmarks_BuboOn.log,222290804750,145,LoopBenchmarks.main(String[])-Re-Comp,"3:-1,2:-1,4:2,0:-1,1:0,5:1",2,126280
bubo_runs21_BuboNested,Nested,LoopBenchmarks,/home/hb478/repos/BuboExperiments/BuboLoopObserverEffect/bubo_runs21_BuboNested/logs/LoopBenchmarks_BuboOn.log,222290804750,145,LoopBenchmarks.main(String[])-Re-Comp,"3:-1,2:-1,4:2,0:-1,1:0,5:1",3,306
bubo_runs21_BuboNested,Nested,LoopBenchmarks,/home/hb478/repos/BuboExperiments/BuboLoopObserverEffect/bubo_runs21_BuboNested/logs/LoopBenchmarks_BuboOn.log,222290804750,145,LoopBenchmarks.main(String[])-Re-Comp,"3:-1,2:-1,4:2,0:-1,1:0,5:1",4,65534
bubo_runs21_BuboNested,Nested,LoopBenchmarks,/home/hb478/repos/BuboExperiments/BuboLoopObserverEffect/bubo_runs21_BuboNested/logs/LoopBenchmarks_BuboOn.log,222290804750,145,LoopBenchmarks.main(String[])-Re-Comp,"3:-1,2:-1,4:2,0:-1,1:0,5:1",5,199022366
bubo_runs21_BuboNested,Nested,LoopBenchmarks,/home/hb478/repos/BuboExperiments/BuboLoopObserverEffect/bubo_runs21_BuboNested/logs/LoopBenchmarks_BuboOn.log,222290804750,146,LoopBenchmarks.main(String[])-Re-Comp,"6:-1,5:-1,7:5,3:-1,4:3,8:4,0:-1,1:0,2:1,9:2",0,27413911952
bubo_runs21_BuboNested,Nested,LoopBenchmarks,/home/hb478/repos/BuboExperiments/BuboLoopObserverEffect/bubo_runs21_BuboNested/logs/LoopBenchmarks_BuboOn.log,222290804750,146,LoopBenchmarks.main(String[])-Re-Comp,"6:-1,5:-1,7:5,3:-1,4:3,8:4,0:-1,1:0,2:1,9:2",1,27413903668
bubo_runs21_BuboNested,Nested,LoopBenchmarks,/home/hb478/repos/BuboExperiments/BuboLoopObserverEffect/bubo_runs21_BuboNested/logs/LoopBenchmarks_BuboOn.log,222290804750,146,LoopBenchmarks.main(String[])-Re-Comp,"6:-1,5:-1,7:5,3:-1,4:3,8:4,0:-1,1:0,2:1,9:2",2,27406010992
bubo_runs21_BuboNested,Nested,LoopBenchmarks,/home/hb478/repos/BuboExperiments/BuboLoopObserverEffect/bubo_runs21_BuboNested/logs/LoopBenchmarks_BuboOn.log,222290804750,146,LoopBenchmarks.main(String[])-Re-Comp,"6:-1,5:-1,7:5,3:-1,4:3,8:4,0:-1,1:0,2:1,9:2",3,363206766
bubo_runs21_BuboNested,Nested,LoopBenchmarks,/home/hb478/repos/BuboExperiments/BuboLoopObserverEffect/bubo_runs21_BuboNested/logs/LoopBenchmarks_BuboOn.log,222290804750,146,LoopBenchmarks.main(String[])-Re-Comp,"6:-1,5:-1,7:5,3:-1,4:3,8:4,0:-1,1:0,2:1,9:2",4,363102326
bubo_runs21_BuboNested,Nested,LoopBenchmarks,/home/hb478/repos/BuboExperiments/BuboLoopObserverEffect/bubo_runs21_BuboNested/logs/LoopBenchmarks_BuboOn.log,222290804750,146,LoopBenchmarks.main(String[])-Re-Comp,"6:-1,5:-1,7:5,3:-1,4:3,8:4,0:-1,1:0,2:1,9:2",5,181548
bubo_runs21_BuboNested,Nested,LoopBenchmarks,/home/hb478/repos/BuboExperiments/BuboLoopObserverEffect/bubo_runs21_BuboNested/logs/LoopBenchmarks_BuboOn.log,222290804750,146,LoopBenchmarks.main(String[])-Re-Comp,"6:-1,5:-1,7:5,3:-1,4:3,8:4,0:-1,1:0,2:1,9:2",6,140
bubo_runs21_BuboNested,Nested,LoopBenchmarks,/home/hb478/repos/BuboExperiments/BuboLoopObserverEffect/bubo_runs21_BuboNested/logs/LoopBenchmarks_BuboOn.log,222290804750,146,LoopBenchmarks.main(String[])-Re-Comp,"6:-1,5:-1,7:5,3:-1,4:3,8:4,0:-1,1:0,2:1,9:2",7,97758
bubo_runs21_BuboNested,Nested,LoopBenchmarks,/home/hb478/repos/BuboExperiments/BuboLoopObserverEffect/bubo_runs21_BuboNested/logs/LoopBenchmarks_BuboOn.log,222290804750,146,LoopBenchmarks.main(String[])-Re-Comp,"6:-1,5:-1,7:5,3:-1,4:3,8:4,0:-1,1:0,2:1,9:2",8,208255660
bubo_runs21_BuboNested,Nested,LoopBenchmarks,/home/hb478/repos/BuboExperiments/BuboLoopObserverEffect/bubo_runs21_BuboNested/logs/LoopBenchmarks_BuboOn.log,222290804750,146,LoopBenchmarks.main(String[])-Re-Comp,"6:-1,5:-1,7:5,3:-1,4:3,8:4,0:-1,1:0,2:1,9:2",9,15729692422
bubo_runs21_BuboNested,Nested,LoopBenchmarks,/home/hb478/repos/BuboExperiments/BuboLoopObserverEffect/bubo_runs21_BuboNested/logs/LoopBenchmarks_BuboOn.log,222290804750,148,LoopBenchmarks.main(String[])-Re-Comp,0:-1,0,5136584
bubo_runs21_BuboNested,Nested,LoopBenchmarks,/home/hb478/repos/BuboExperiments/BuboLoopObserverEffect/bubo_runs21_BuboNested/logs/LoopBenchmarks_BuboOn.log,222290804750,149,LoopBenchmarks.parseJsonLoop(char[]),0:-1,0,2310186
bubo_runs21_BuboNested,Nested,LoopBenchmarks,/home/hb478/repos/BuboExperiments/BuboLoopObserverEffect/bubo_runs21_BuboNested/logs/LoopBenchmarks_BuboOn.log,222290804750,150,LoopBenchmarks.parseJsonLoop(char[])-Re-Comp,0:-1,0,12919481294
bubo_runs21_BuboNested,Nested,LoopBenchmarks,/home/hb478/repos/BuboExperiments/BuboLoopObserverEffect/bubo_runs21_BuboNested/logs/LoopBenchmarks_BuboOn.log,222290804750,151,LoopBenchmarks.main(String[])-Re-Comp,"2:-1,3:-1,4:-1,0:-1,1:0",0,31922
bubo_runs21_BuboNested,Nested,LoopBenchmarks,/home/hb478/repos/BuboExperiments/BuboLoopObserverEffect/bubo_runs21_BuboNested/logs/LoopBenchmarks_BuboOn.log,222290804750,151,LoopBenchmarks.main(String[])-Re-Comp,"2:-1,3:-1,4:-1,0:-1,1:0",1,29176
bubo_runs21_BuboNested,Nested,LoopBenchmarks,/home/hb478/repos/BuboExperiments/BuboLoopObserverEffect/bubo_runs21_BuboNested/logs/LoopBenchmarks_BuboOn.log,222290804750,151,LoopBenchmarks.main(String[])-Re-Comp,"2:-1,3:-1,4:-1,0:-1,1:0",2,80
bubo_runs21_BuboNested,Nested,LoopBenchmarks,/home/hb478/repos/BuboExperiments/BuboLoopObserverEffect/bubo_runs21_BuboNested/logs/LoopBenchmarks_BuboOn.log,222290804750,151,LoopBenchmarks.main(String[])-Re-Comp,"2:-1,3:-1,4:-1,0:-1,1:0",3,124
bubo_runs21_BuboNested,Nested,LoopBenchmarks,/home/hb478/repos/BuboExperiments/BuboLoopObserverEffect/bubo_runs21_BuboNested/logs/LoopBenchmarks_BuboOn.log,222290804750,151,LoopBenchmarks.main(String[])-Re-Comp,"2:-1,3:-1,4:-1,0:-1,1:0",4,124
bubo_runs21_BuboNested,Nested,LoopBenchmarks,/home/hb478/repos/BuboExperiments/BuboLoopObserverEffect/bubo_runs21_BuboNested/logs/LoopBenchmarks_BuboOn.log,222290804750,152,"LoopBenchmarks.matrixMultiplyLoop(double[][],","5:-1,3:-1,4:3,0:-1,1:0,2:1",0,9717184
bubo_runs21_BuboNested,Nested,LoopBenchmarks,/home/hb478/repos/BuboExperiments/BuboLoopObserverEffect/bubo_runs21_BuboNested/logs/LoopBenchmarks_BuboOn.log,222290804750,152,"LoopBenchmarks.matrixMultiplyLoop(double[][],","5:-1,3:-1,4:3,0:-1,1:0,2:1",1,9708304
bubo_runs21_BuboNested,Nested,LoopBenchmarks,/home/hb478/repos/BuboExperiments/BuboLoopObserverEffect/bubo_runs21_BuboNested/logs/LoopBenchmarks_BuboOn.log,222290804750,152,"LoopBenchmarks.matrixMultiplyLoop(double[][],","5:-1,3:-1,4:3,0:-1,1:0,2:1",2,8549220
bubo_runs21_BuboNested,Nested,LoopBenchmarks,/home/hb478/repos/BuboExperiments/BuboLoopObserverEffect/bubo_runs21_BuboNested/logs/LoopBenchmarks_BuboOn.log,222290804750,152,"LoopBenchmarks.matrixMultiplyLoop(double[][],","5:-1,3:-1,4:3,0:-1,1:0,2:1",3,90686
bubo_runs21_BuboNested,Nested,LoopBenchmarks,/home/hb478/repos/BuboExperiments/BuboLoopObserverEffect/bubo_runs21_BuboNested/logs/LoopBenchmarks_BuboOn.log,222290804750,152,"LoopBenchmarks.matrixMultiplyLoop(double[][],","5:-1,3:-1,4:3,0:-1,1:0,2:1",4,83240
bubo_runs21_BuboNested,Nested,LoopBenchmarks,/home/hb478/repos/BuboExperiments/BuboLoopObserverEffect/bubo_runs21_BuboNested/logs/LoopBenchmarks_BuboOn.log,222290804750,152,"LoopBenchmarks.matrixMultiplyLoop(double[][],","5:-1,3:-1,4:3,0:-1,1:0,2:1",5,1326
bubo_runs21_BuboNested,Nested,LoopBenchmarks,/home/hb478/repos/BuboExperiments/BuboLoopObserverEffect/bubo_runs21_BuboNested/logs/LoopBenchmarks_BuboOn.log,222290804750,153,"LoopBenchmarks.matrixMultiplyLoop(double[][],-Re-Comp","0:-1,1:0,2:1",0,13047469630
bubo_runs21_BuboNested,Nested,LoopBenchmarks,/home/hb478/repos/BuboExperiments/BuboLoopObserverEffect/bubo_runs21_BuboNested/logs/LoopBenchmarks_BuboOn.log,222290804750,153,"LoopBenchmarks.matrixMultiplyLoop(double[][],-Re-Comp","0:-1,1:0,2:1",1,13034213300
bubo_runs21_BuboNested,Nested,LoopBenchmarks,/home/hb478/repos/BuboExperiments/BuboLoopObserverEffect/bubo_runs21_BuboNested/logs/LoopBenchmarks_BuboOn.log,222290804750,153,"LoopBenchmarks.matrixMultiplyLoop(double[][],-Re-Comp","0:-1,1:0,2:1",2,11635976366
bubo_runs21_BuboNested,Nested,LoopBenchmarks,/home/hb478/repos/BuboExperiments/BuboLoopObserverEffect/bubo_runs21_BuboNested/logs/LoopBenchmarks_BuboOn.log,222290804750,155,"LoopBenchmarks.sieveLoop(boolean[],","0:-1,1:-1,2:-1",0,70
bubo_runs21_BuboNested,Nested,LoopBenchmarks,/home/hb478/repos/BuboExperiments/BuboLoopObserverEffect/bubo_runs21_BuboNested/logs/LoopBenchmarks_BuboOn.log,222290804750,156,"LoopBenchmarks.sieveLoop(boolean[],-Re-Comp","0:-1,4:-1,5:-1,1:-1,2:1,3:-1",0,27942
bubo_runs21_BuboNested,Nested,LoopBenchmarks,/home/hb478/repos/BuboExperiments/BuboLoopObserverEffect/bubo_runs21_BuboNested/logs/LoopBenchmarks_BuboOn.log,222290804750,156,"LoopBenchmarks.sieveLoop(boolean[],-Re-Comp","0:-1,4:-1,5:-1,1:-1,2:1,3:-1",1,6369335070
bubo_runs21_BuboNested,Nested,LoopBenchmarks,/home/hb478/repos/BuboExperiments/BuboLoopObserverEffect/bubo_runs21_BuboNested/logs/LoopBenchmarks_BuboOn.log,222290804750,156,"LoopBenchmarks.sieveLoop(boolean[],-Re-Comp","0:-1,4:-1,5:-1,1:-1,2:1,3:-1",2,6323407410
bubo_runs21_BuboNested,Nested,LoopBenchmarks,/home/hb478/repos/BuboExperiments/BuboLoopObserverEffect/bubo_runs21_BuboNested/logs/LoopBenchmarks_BuboOn.log,222290804750,156,"LoopBenchmarks.sieveLoop(boolean[],-Re-Comp","0:-1,4:-1,5:-1,1:-1,2:1,3:-1",3,4002165100
bubo_runs21_BuboNested,Nested,LoopBenchmarks,/home/hb478/repos/BuboExperiments/BuboLoopObserverEffect/bubo_runs21_BuboNested/logs/LoopBenchmarks_BuboOn.log,222290804750,156,"LoopBenchmarks.sieveLoop(boolean[],-Re-Comp","0:-1,4:-1,5:-1,1:-1,2:1,3:-1",4,986240110
bubo_runs21_BuboNested,Nested,LoopBenchmarks,/home/hb478/repos/BuboExperiments/BuboLoopObserverEffect/bubo_runs21_BuboNested/logs/LoopBenchmarks_BuboOn.log,222290804750,156,"LoopBenchmarks.sieveLoop(boolean[],-Re-Comp","0:-1,4:-1,5:-1,1:-1,2:1,3:-1",5,41396
bubo_runs21_BuboNested,Nested,LoopBenchmarks,/home/hb478/repos/BuboExperiments/BuboLoopObserverEffect/bubo_runs21_BuboNested/logs/LoopBenchmarks_BuboOn.log,222290804750,157,"LoopBenchmarks.sieveLoop(boolean[],-Re-Comp",0:-1,0,1702186
bubo_runs21_BuboNested,Nested,LoopBenchmarks,/home/hb478/repos/BuboExperiments/BuboLoopObserverEffect/bubo_runs21_BuboNested/logs/LoopBenchmarks_BuboOn.log,222290804750,158,"LoopBenchmarks.sieveLoop(boolean[],-Re-Comp","1:-1,0:-1,2:0",0,98
bubo_runs21_BuboNested,Nested,LoopBenchmarks,/home/hb478/repos/BuboExperiments/BuboLoopObserverEffect/bubo_runs21_BuboNested/logs/LoopBenchmarks_BuboOn.log,222290804750,158,"LoopBenchmarks.sieveLoop(boolean[],-Re-Comp","1:-1,0:-1,2:0",1,1134972
bubo_runs21_BuboNested,Nested,LoopBenchmarks,/home/hb478/repos/BuboExperiments/BuboLoopObserverEffect/bubo_runs21_BuboNested/logs/LoopBenchmarks_BuboOn.log,222290804750,159,"LoopBenchmarks.sieveLoop(boolean[],-Re-Comp","1:-1,0:-1,2:0",0,8444564
bubo_runs21_BuboNested,Nested,LoopBenchmarks,/home/hb478/repos/BuboExperiments/BuboLoopObserverEffect/bubo_runs21_BuboNested/logs/LoopBenchmarks_BuboOn.log,222290804750,159,"LoopBenchmarks.sieveLoop(boolean[],-Re-Comp","1:-1,0:-1,2:0",1,672956
bubo_runs21_BuboNested,Nested,LoopBenchmarks,/home/hb478/repos/BuboExperiments/BuboLoopObserverEffect/bubo_runs21_BuboNested/logs/LoopBenchmarks_BuboOn.log,222290804750,159,"LoopBenchmarks.sieveLoop(boolean[],-Re-Comp","1:-1,0:-1,2:0",2,8352772
bubo_runs21_BuboNested,Nested,LoopBenchmarks,/home/hb478/repos/BuboExperiments/BuboLoopObserverEffect/bubo_runs21_BuboNested/logs/LoopBenchmarks_BuboOn.log,222290804750,160,"LoopBenchmarks.sieveLoop(boolean[],-Re-Comp",0:-1,0,6786258
bubo_runs21_BuboNested,Nested,LoopBenchmarks,/home/hb478/repos/BuboExperiments/BuboLoopObserverEffect/bubo_runs21_BuboNested/logs/LoopBenchmarks_BuboOn.log,222290804750,161,LoopBenchmarks.main(String[])-Re-Comp,"0:-1,1:-1,2:-1",0,74
bubo_runs21_BuboNested,Nested,LoopBenchmarks,/home/hb478/repos/BuboExperiments/BuboLoopObserverEffect/bubo_runs21_BuboNested/logs/LoopBenchmarks_BuboOn.log,222290804750,162,"LoopBenchmarks.histogramLoop(int[],",0:-1,0,450832
bubo_runs21_BuboNested,Nested,LoopBenchmarks,/home/hb478/repos/BuboExperiments/BuboLoopObserverEffect/bubo_runs21_BuboNested/logs/LoopBenchmarks_BuboOn.log,222290804750,163,"LoopBenchmarks.histogramLoop(int[],-Re-Comp","0:-1,1:-1",0,189530
bubo_runs21_BuboNested,Nested,LoopBenchmarks,/home/hb478/repos/BuboExperiments/BuboLoopObserverEffect/bubo_runs21_BuboNested/logs/LoopBenchmarks_BuboOn.log,222290804750,163,"LoopBenchmarks.histogramLoop(int[],-Re-Comp","0:-1,1:-1",1,8617351538
bubo_runs21_BuboNested,Nested,LoopBenchmarks,/home/hb478/repos/BuboExperiments/BuboLoopObserverEffect/bubo_runs21_BuboNested/logs/LoopBenchmarks_BuboOn.log,222290804750,164,"LoopBenchmarks.histogramLoop(int[],-Re-Comp",0:-1,0,27890780
bubo_runs21_BuboNested,Nested,LoopBenchmarks,/home/hb478/repos/BuboExperiments/BuboLoopObserverEffect/bubo_runs21_BuboNested/logs/LoopBenchmarks_BuboOn.log,222290804750,165,LoopBenchmarks.main(String[])-Re-Comp,"0:-1,1:-1,2:-1",0,76
bubo_runs21_BuboNested,Nested,LoopBenchmarks,/home/hb478/repos/BuboExperiments/BuboLoopObserverEffect/bubo_runs21_BuboNested/logs/LoopBenchmarks_BuboOn.log,222290804750,166,LoopBenchmarks.crc32Loop(byte[]),"1:-1,0:-1",0,23393756
bubo_runs21_BuboNested,Nested,LoopBenchmarks,/home/hb478/repos/BuboExperiments/BuboLoopObserverEffect/bubo_runs21_BuboNested/logs/LoopBenchmarks_BuboOn.log,222290804750,166,LoopBenchmarks.crc32Loop(byte[]),"1:-1,0:-1",1,100
bubo_runs21_BuboNested,Nested,LoopBenchmarks,/home/hb478/repos/BuboExperiments/BuboLoopObserverEffect/bubo_runs21_BuboNested/logs/LoopBenchmarks_BuboOn.log,222290804750,167,LoopBenchmarks.crc32Loop(byte[])-Re-Comp,0:-1,0,31480107560
bubo_runs21_BuboNested,Nested,LoopBenchmarks,/home/hb478/repos/BuboExperiments/BuboLoopObserverEffect/bubo_runs21_BuboNested/logs/LoopBenchmarks_BuboOn.log,222290804750,168,"LoopBenchmarks.polynomialLoop(double[],","0:-1,1:-1,2:-1",0,68
bubo_runs21_BuboNested,Nested,LoopBenchmarks,/home/hb478/repos/BuboExperiments/BuboLoopObserverEffect/bubo_runs21_BuboNested/logs/LoopBenchmarks_BuboOn.log,222290804750,168,"LoopBenchmarks.polynomialLoop(double[],","0:-1,1:-1,2:-1",1,13294
bubo_runs21_BuboNested,Nested,LoopBenchmarks,/home/hb478/repos/BuboExperiments/BuboLoopObserverEffect/bubo_runs21_BuboNested/logs/LoopBenchmarks_BuboOn.log,222290804750,168,"LoopBenchmarks.polynomialLoop(double[],","0:-1,1:-1,2:-1",2,212
bubo_runs21_BuboNested,Nested,LoopBenchmarks,/home/hb478/repos/BuboExperiments/BuboLoopObserverEffect/bubo_runs21_BuboNested/logs/LoopBenchmarks_BuboOn.log,222290804750,169,"LoopBenchmarks.polynomialLoop(double[],-Re-Comp","0:-1,1:-1,2:-1",0,769636
bubo_runs21_BuboNested,Nested,LoopBenchmarks,/home/hb478/repos/BuboExperiments/BuboLoopObserverEffect/bubo_runs21_BuboNested/logs/LoopBenchmarks_BuboOn.log,222290804750,169,"LoopBenchmarks.polynomialLoop(double[],-Re-Comp","0:-1,1:-1,2:-1",1,169382008
bubo_runs21_BuboNested,Nested,LoopBenchmarks,/home/hb478/repos/BuboExperiments/BuboLoopObserverEffect/bubo_runs21_BuboNested/logs/LoopBenchmarks_BuboOn.log,222290804750,169,"LoopBenchmarks.polynomialLoop(double[],-Re-Comp","0:-1,1:-1,2:-1",2,671272
bubo_runs21_BuboNested,Nested,LoopBenchmarks,/home/hb478/repos/BuboExperiments/BuboLoopObserverEffect/bubo_runs21_BuboNested/logs/LoopBenchmarks_BuboOn.log,222290804750,170,LoopBenchmarks.main(String[])-Re-Comp,"1:-1,3:-1,4:-1,0:-1,2:0",0,9781601294
bubo_runs21_BuboNested,Nested,LoopBenchmarks,/home/hb478/repos/BuboExperiments/BuboLoopObserverEffect/bubo_runs21_BuboNested/logs/LoopBenchmarks_BuboOn.log,222290804750,170,LoopBenchmarks.main(String[])-Re-Comp,"1:-1,3:-1,4:-1,0:-1,2:0",1,144
bubo_runs21_BuboNested,Nested,LoopBenchmarks,/home/hb478/repos/BuboExperiments/BuboLoopObserverEffect/bubo_runs21_BuboNested/logs/LoopBenchmarks_BuboOn.log,222290804750,170,LoopBenchmarks.main(String[])-Re-Comp,"1:-1,3:-1,4:-1,0:-1,2:0",2,9732283228
bubo_runs21_BuboNested,Nested,LoopBenchmarks,/home/hb478/repos/BuboExperiments/BuboLoopObserverEffect/bubo_runs21_BuboNested/logs/LoopBenchmarks_BuboOn.log,222290804750,170,LoopBenchmarks.main(String[])-Re-Comp,"1:-1,3:-1,4:-1,0:-1,2:0",3,15674
bubo_runs21_BuboNested,Nested,LoopBenchmarks,/home/hb478/repos/BuboExperiments/BuboLoopObserverEffect/bubo_runs21_BuboNested/logs/LoopBenchmarks_BuboOn.log,222290804750,170,LoopBenchmarks.main(String[])-Re-Comp,"1:-1,3:-1,4:-1,0:-1,2:0",4,88
bubo_runs21_BuboNested,Nested,LoopBenchmarks,/home/hb478/repos/BuboExperiments/BuboLoopObserverEffect/bubo_runs21_BuboNested/logs/LoopBenchmarks_BuboOn.log,222290804750,172,"LoopBenchmarks.editDistanceLoop(char[],","2:-1,0:-1,1:0",0,11120
bubo_runs21_BuboNested,Nested,LoopBenchmarks,/home/hb478/repos/BuboExperiments/BuboLoopObserverEffect/bubo_runs21_BuboNested/logs/LoopBenchmarks_BuboOn.log,222290804750,172,"LoopBenchmarks.editDistanceLoop(char[],","2:-1,0:-1,1:0",1,8660
bubo_runs21_BuboNested,Nested,LoopBenchmarks,/home/hb478/repos/BuboExperiments/BuboLoopObserverEffect/bubo_runs21_BuboNested/logs/LoopBenchmarks_BuboOn.log,222290804750,172,"LoopBenchmarks.editDistanceLoop(char[],","2:-1,0:-1,1:0",2,574
bubo_runs21_BuboNested,Nested,LoopBenchmarks,/home/hb478/repos/BuboExperiments/BuboLoopObserverEffect/bubo_runs21_BuboNested/logs/LoopBenchmarks_BuboOn.log,222290804750,173,"LoopBenchmarks.editDistanceLoop(char[],-Re-Comp","5:-1,6:-1,0:-1,3:-1,4:-1,1:-1,2:1",0,145625506
bubo_runs21_BuboNested,Nested,LoopBenchmarks,/home/hb478/repos/BuboExperiments/BuboLoopObserverEffect/bubo_runs21_BuboNested/logs/LoopBenchmarks_BuboOn.log,222290804750,173,"LoopBenchmarks.editDistanceLoop(char[],-Re-Comp","5:-1,6:-1,0:-1,3:-1,4:-1,1:-1,2:1",1,32872527202
bubo_runs21_BuboNested,Nested,LoopBenchmarks,/home/hb478/repos/BuboExperiments/BuboLoopObserverEffect/bubo_runs21_BuboNested/logs/LoopBenchmarks_BuboOn.log,222290804750,173,"LoopBenchmarks.editDistanceLoop(char[],-Re-Comp","5:-1,6:-1,0:-1,3:-1,4:-1,1:-1,2:1",2,25684334012
bubo_runs21_BuboNested,Nested,LoopBenchmarks,/home/hb478/repos/BuboExperiments/BuboLoopObserverEffect/bubo_runs21_BuboNested/logs/LoopBenchmarks_BuboOn.log,222290804750,173,"LoopBenchmarks.editDistanceLoop(char[],-Re-Comp","5:-1,6:-1,0:-1,3:-1,4:-1,1:-1,2:1",3,182471994
bubo_runs21_BuboNested,Nested,LoopBenchmarks,/home/hb478/repos/BuboExperiments/BuboLoopObserverEffect/bubo_runs21_BuboNested/logs/LoopBenchmarks_BuboOn.log,222290804750,173,"LoopBenchmarks.editDistanceLoop(char[],-Re-Comp","5:-1,6:-1,0:-1,3:-1,4:-1,1:-1,2:1",4,185946754
bubo_runs21_BuboNested,Nested,LoopBenchmarks,/home/hb478/repos/BuboExperiments/BuboLoopObserverEffect/bubo_runs21_BuboNested/logs/LoopBenchmarks_BuboOn.log,222290804750,173,"LoopBenchmarks.editDistanceLoop(char[],-Re-Comp","5:-1,6:-1,0:-1,3:-1,4:-1,1:-1,2:1",5,200857406
bubo_runs21_BuboNested,Nested,LoopBenchmarks,/home/hb478/repos/BuboExperiments/BuboLoopObserverEffect/bubo_runs21_BuboNested/logs/LoopBenchmarks_BuboOn.log,222290804750,173,"LoopBenchmarks.editDistanceLoop(char[],-Re-Comp","5:-1,6:-1,0:-1,3:-1,4:-1,1:-1,2:1",6,189607524
bubo_runs21_BuboNested,Nested,LoopBenchmarks,/home/hb478/repos/BuboExperiments/BuboLoopObserverEffect/bubo_runs21_BuboNested/logs/LoopBenchmarks_BuboOn.log,222290804750,174,LoopBenchmarks.main(String[])-Re-Comp,0:-1,0,34784297548
bubo_runs21_BuboNested,Nested,LoopBenchmarks,/home/hb478/repos/BuboExperiments/BuboLoopObserverEffect/bubo_runs21_BuboNested/logs/LoopBenchmarks_BuboOn.log,222290804750,175,"LoopBenchmarks.monteCarloPiLoop(long,",0:-1,0,148181702
bubo_runs21_BuboNested,Nested,LoopBenchmarks,/home/hb478/repos/BuboExperiments/BuboLoopObserverEffect/bubo_runs21_BuboNested/logs/LoopBenchmarks_BuboOn.log,222290804750,176,"LoopBenchmarks.monteCarloPiLoop(long,-Re-Comp",0:-1,0,15752995558
bubo_runs21_BuboNested,Nested,LoopBenchmarks,/home/hb478/repos/BuboExperiments/BuboLoopObserverEffect/bubo_runs21_BuboNested/logs/LoopBenchmarks_BuboOn.log,222290804750,177,LoopBenchmarks.bubbleSortLoop(int[]),"2:-1,0:-1,1:0",0,36926692
bubo_runs21_BuboNested,Nested,LoopBenchmarks,/home/hb478/repos/BuboExperiments/BuboLoopObserverEffect/bubo_runs21_BuboNested/logs/LoopBenchmarks_BuboOn.log,222290804750,177,LoopBenchmarks.bubbleSortLoop(int[]),"2:-1,0:-1,1:0",1,36628792
bubo_runs21_BuboNested,Nested,LoopBenchmarks,/home/hb478/repos/BuboExperiments/BuboLoopObserverEffect/bubo_runs21_BuboNested/logs/LoopBenchmarks_BuboOn.log,222290804750,177,LoopBenchmarks.bubbleSortLoop(int[]),"2:-1,0:-1,1:0",2,7278
bubo_runs21_BuboNested,Nested,LoopBenchmarks,/home/hb478/repos/BuboExperiments/BuboLoopObserverEffect/bubo_runs21_BuboNested/logs/LoopBenchmarks_BuboOn.log,222290804750,178,LoopBenchmarks.bubbleSortLoop(int[])-Re-Comp,"0:-1,1:0",0,17697233568
bubo_runs21_BuboNested,Nested,LoopBenchmarks,/home/hb478/repos/BuboExperiments/BuboLoopObserverEffect/bubo_runs21_BuboNested/logs/LoopBenchmarks_BuboOn.log,222290804750,178,LoopBenchmarks.bubbleSortLoop(int[])-Re-Comp,"0:-1,1:0",1,17578951560
bubo_runs21_BuboNested,Nested,LoopBenchmarks,/home/hb478/repos/BuboExperiments/BuboLoopObserverEffect/bubo_runs21_BuboNested/logs/LoopBenchmarks_BuboOn.log,222290804750,179,LoopBenchmarks.main(String[])-Re-Comp,"2:-1,5:-1,6:-1,3:-1,4:3,0:-1,1:0",0,17608550794
bubo_runs21_BuboNested,Nested,LoopBenchmarks,/home/hb478/repos/BuboExperiments/BuboLoopObserverEffect/bubo_runs21_BuboNested/logs/LoopBenchmarks_BuboOn.log,222290804750,179,LoopBenchmarks.main(String[])-Re-Comp,"2:-1,5:-1,6:-1,3:-1,4:3,0:-1,1:0",1,3072582
bubo_runs21_BuboNested,Nested,LoopBenchmarks,/home/hb478/repos/BuboExperiments/BuboLoopObserverEffect/bubo_runs21_BuboNested/logs/LoopBenchmarks_BuboOn.log,222290804750,179,LoopBenchmarks.main(String[])-Re-Comp,"2:-1,5:-1,6:-1,3:-1,4:3,0:-1,1:0",2,76
bubo_runs21_BuboNested,Nested,LoopBenchmarks,/home/hb478/repos/BuboExperiments/BuboLoopObserverEffect/bubo_runs21_BuboNested/logs/LoopBenchmarks_BuboOn.log,222290804750,179,LoopBenchmarks.main(String[])-Re-Comp,"2:-1,5:-1,6:-1,3:-1,4:3,0:-1,1:0",3,46104348
bubo_runs21_BuboNested,Nested,LoopBenchmarks,/home/hb478/repos/BuboExperiments/BuboLoopObserverEffect/bubo_runs21_BuboNested/logs/LoopBenchmarks_BuboOn.log,222290804750,179,LoopBenchmarks.main(String[])-Re-Comp,"2:-1,5:-1,6:-1,3:-1,4:3,0:-1,1:0",4,45797778
bubo_runs21_BuboNested,Nested,LoopBenchmarks,/home/hb478/repos/BuboExperiments/BuboLoopObserverEffect/bubo_runs21_BuboNested/logs/LoopBenchmarks_BuboOn.log,222290804750,179,LoopBenchmarks.main(String[])-Re-Comp,"2:-1,5:-1,6:-1,3:-1,4:3,0:-1,1:0",5,2710
bubo_runs21_BuboNested,Nested,LoopBenchmarks,/home/hb478/repos/BuboExperiments/BuboLoopObserverEffect/bubo_runs21_BuboNested/logs/LoopBenchmarks_BuboOn.log,222290804750,179,LoopBenchmarks.main(String[])-Re-Comp,"2:-1,5:-1,6:-1,3:-1,4:3,0:-1,1:0",6,134
bubo_runs21_BuboNested,Nested,LoopBenchmarks,/home/hb478/repos/BuboExperiments/BuboLoopObserverEffect/bubo_runs21_BuboNested/logs/LoopBenchmarks_BuboOn.log,222290804750,180,LoopBenchmarks.main(String[])-Re-Comp,"2:-1,3:-1,4:-1,0:-1,1:0",0,3053358
bubo_runs21_BuboNested,Nested,LoopBenchmarks,/home/hb478/repos/BuboExperiments/BuboLoopObserverEffect/bubo_runs21_BuboNested/logs/LoopBenchmarks_BuboOn.log,222290804750,180,LoopBenchmarks.main(String[])-Re-Comp,"2:-1,3:-1,4:-1,0:-1,1:0",1,2992794
bubo_runs21_BuboNested,Nested,LoopBenchmarks,/home/hb478/repos/BuboExperiments/BuboLoopObserverEffect/bubo_runs21_BuboNested/logs/LoopBenchmarks_BuboOn.log,222290804750,180,LoopBenchmarks.main(String[])-Re-Comp,"2:-1,3:-1,4:-1,0:-1,1:0",2,76
bubo_runs21_BuboNested,Nested,LoopBenchmarks,/home/hb478/repos/BuboExperiments/BuboLoopObserverEffect/bubo_runs21_BuboNested/logs/LoopBenchmarks_BuboOn.log,222290804750,180,LoopBenchmarks.main(String[])-Re-Comp,"2:-1,3:-1,4:-1,0:-1,1:0",3,278
bubo_runs21_BuboNested,Nested,LoopBenchmarks,/home/hb478/repos/BuboExperiments/BuboLoopObserverEffect/bubo_runs21_BuboNested/logs/LoopBenchmarks_BuboOn.log,222290804750,180,LoopBenchmarks.main(String[])-Re-Comp,"2:-1,3:-1,4:-1,0:-1,1:0",4,128
bubo_runs21_BuboNested,Nested,LoopBenchmarks,/home/hb478/repos/BuboExperiments/BuboLoopObserverEffect/bubo_runs21_BuboNested/logs/LoopBenchmarks_BuboOn.log,222290804750,181,"LoopBenchmarks.blurLoop(int[][],","3:-1,2:-1,4:-1,5:-1,0:-1,1:0",0,12810116
bubo_runs21_BuboNested,Nested,LoopBenchmarks,/home/hb478/repos/BuboExperiments/BuboLoopObserverEffect/bubo_runs21_BuboNested/logs/LoopBenchmarks_BuboOn.log,222290804750,181,"LoopBenchmarks.blurLoop(int[][],","3:-1,2:-1,4:-1,5:-1,0:-1,1:0",1,12748494
bubo_runs21_BuboNested,Nested,LoopBenchmarks,/home/hb478/repos/BuboExperiments/BuboLoopObserverEffect/bubo_runs21_BuboNested/logs/LoopBenchmarks_BuboOn.log,222290804750,181,"LoopBenchmarks.blurLoop(int[][],","3:-1,2:-1,4:-1,5:-1,0:-1,1:0",2,102
bubo_runs21_BuboNested,Nested,LoopBenchmarks,/home/hb478/repos/BuboExperiments/BuboLoopObserverEffect/bubo_runs21_BuboNested/logs/LoopBenchmarks_BuboOn.log,222290804750,181,"LoopBenchmarks.blurLoop(int[][],","3:-1,2:-1,4:-1,5:-1,0:-1,1:0",3,48
bubo_runs21_BuboNested,Nested,LoopBenchmarks,/home/hb478/repos/BuboExperiments/BuboLoopObserverEffect/bubo_runs21_BuboNested/logs/LoopBenchmarks_BuboOn.log,222290804750,181,"LoopBenchmarks.blurLoop(int[][],","3:-1,2:-1,4:-1,5:-1,0:-1,1:0",4,2330
bubo_runs21_BuboNested,Nested,LoopBenchmarks,/home/hb478/repos/BuboExperiments/BuboLoopObserverEffect/bubo_runs21_BuboNested/logs/LoopBenchmarks_BuboOn.log,222290804750,181,"LoopBenchmarks.blurLoop(int[][],","3:-1,2:-1,4:-1,5:-1,0:-1,1:0",5,118
bubo_runs21_BuboNested,Nested,LoopBenchmarks,/home/hb478/repos/BuboExperiments/BuboLoopObserverEffect/bubo_runs21_BuboNested/logs/LoopBenchmarks_BuboOn.log,222290804750,182,"LoopBenchmarks.blurLoop(int[][],-Re-Comp","0:-1,1:0,2:0,3:0",0,5278379214
bubo_runs21_BuboNested,Nested,LoopBenchmarks,/home/hb478/repos/BuboExperiments/BuboLoopObserverEffect/bubo_runs21_BuboNested/logs/LoopBenchmarks_BuboOn.log,222290804750,182,"LoopBenchmarks.blurLoop(int[][],-Re-Comp","0:-1,1:0,2:0,3:0",1,58580942
bubo_runs21_BuboNested,Nested,LoopBenchmarks,/home/hb478/repos/BuboExperiments/BuboLoopObserverEffect/bubo_runs21_BuboNested/logs/LoopBenchmarks_BuboOn.log,222290804750,182,"LoopBenchmarks.blurLoop(int[][],-Re-Comp","0:-1,1:0,2:0,3:0",2,4964938792
bubo_runs21_BuboNested,Nested,LoopBenchmarks,/home/hb478/repos/BuboExperiments/BuboLoopObserverEffect/bubo_runs21_BuboNested/logs/LoopBenchmarks_BuboOn.log,222290804750,182,"LoopBenchmarks.blurLoop(int[][],-Re-Comp","0:-1,1:0,2:0,3:0",3,60338570
bubo_runs21_BuboNested,Nested,LoopBenchmarks,/home/hb478/repos/BuboExperiments/BuboLoopObserverEffect/bubo_runs21_BuboNested/logs/LoopBenchmarks_BuboOn.log,222290804750,186,LoopBenchmarks.main(String[])-Re-Comp,"0:-1,1:-1,2:-1",0,74
bubo_runs21_BuboNested,Nested,LoopBenchmarks,/home/hb478/repos/BuboExperiments/BuboLoopObserverEffect/bubo_runs21_BuboNested/logs/LoopBenchmarks_BuboOn.log,222290804750,187,"LoopBenchmarks.base64EncodeLoop(byte[],",0:-1,0,1261256
bubo_runs21_BuboNested,Nested,LoopBenchmarks,/home/hb478/repos/BuboExperiments/BuboLoopObserverEffect/bubo_runs21_BuboNested/logs/LoopBenchmarks_BuboOn.log,222290804750,188,"LoopBenchmarks.base64EncodeLoop(byte[],-Re-Comp","3:-1,0:-1,1:-1,2:-1",0,530380
bubo_runs21_BuboNested,Nested,LoopBenchmarks,/home/hb478/repos/BuboExperiments/BuboLoopObserverEffect/bubo_runs21_BuboNested/logs/LoopBenchmarks_BuboOn.log,222290804750,188,"LoopBenchmarks.base64EncodeLoop(byte[],-Re-Comp","3:-1,0:-1,1:-1,2:-1",1,7533270386
bubo_runs21_BuboNested,Nested,LoopBenchmarks,/home/hb478/repos/BuboExperiments/BuboLoopObserverEffect/bubo_runs21_BuboNested/logs/LoopBenchmarks_BuboOn.log,222290804750,188,"LoopBenchmarks.base64EncodeLoop(byte[],-Re-Comp","3:-1,0:-1,1:-1,2:-1",2,539368
bubo_runs21_BuboNested,Nested,LoopBenchmarks,/home/hb478/repos/BuboExperiments/BuboLoopObserverEffect/bubo_runs21_BuboNested/logs/LoopBenchmarks_BuboOn.log,222290804750,188,"LoopBenchmarks.base64EncodeLoop(byte[],-Re-Comp","3:-1,0:-1,1:-1,2:-1",3,408324
bubo_runs21_BuboNested,Nested,LoopBenchmarks,/home/hb478/repos/BuboExperiments/BuboLoopObserverEffect/bubo_runs21_BuboNested/logs/LoopBenchmarks_BuboOn.log,222290804750,189,LoopBenchmarks.main(String[])-Re-Comp,0:-1,0,2229014
bubo_runs21_BuboNested,Nested,LoopBenchmarks,/home/hb478/repos/BuboExperiments/BuboLoopObserverEffect/bubo_runs21_BuboNested/logs/LoopBenchmarks_BuboOn.log,222290804750,190,"LoopBenchmarks.raySphereLoop(double[],",0:-1,0,1458928
bubo_runs21_BuboNested,Nested,LoopBenchmarks,/home/hb478/repos/BuboExperiments/BuboLoopObserverEffect/bubo_runs21_BuboNested/logs/LoopBenchmarks_BuboOn.log,222290804750,191,"LoopBenchmarks.raySphereLoop(double[],-Re-Comp",0:-1,0,7696566676
bubo_runs21_BuboNested,Nested,Mandelbrot,/home/hb478/repos/BuboExperiments/BuboLoopObserverEffect/bubo_runs21_BuboNested/logs/Mandelbrot_BuboOn.log,273179623328,52,java.util.ImmutableCollections$SetN$SetNIterator.next(),0:-1,0,383990
bubo_runs21_BuboNested,Nested,Mandelbrot,/home/hb478/repos/BuboExperiments/BuboLoopObserverEffect/bubo_runs21_BuboNested/logs/Mandelbrot_BuboOn.log,273179623328,56,"java.util.HashMap.putVal(int,",0:-1,0,10440
bubo_runs21_BuboNested,Nested,Mandelbrot,/home/hb478/repos/BuboExperiments/BuboLoopObserverEffect/bubo_runs21_BuboNested/logs/Mandelbrot_BuboOn.log,273179623328,57,java.lang.String.equals(Object),0:-1,0,9404
bubo_runs21_BuboNested,Nested,Mandelbrot,/home/hb478/repos/BuboExperiments/BuboLoopObserverEffect/bubo_runs21_BuboNested/logs/Mandelbrot_BuboOn.log,273179623328,70,java.util.HashMap.resize(),"2:-1,0:-1,1:0",0,32386
bubo_runs21_BuboNested,Nested,Mandelbrot,/home/hb478/repos/BuboExperiments/BuboLoopObserverEffect/bubo_runs21_BuboNested/logs/Mandelbrot_BuboOn.log,273179623328,70,java.util.HashMap.resize(),"2:-1,0:-1,1:0",1,9980
bubo_runs21_BuboNested,Nested,Mandelbrot,/home/hb478/repos/BuboExperiments/BuboLoopObserverEffect/bubo_runs21_BuboNested/logs/Mandelbrot_BuboOn.log,273179623328,70,java.util.HashMap.resize(),"2:-1,0:-1,1:0",2,16280
bubo_runs21_BuboNested,Nested,Mandelbrot,/home/hb478/repos/BuboExperiments/BuboLoopObserverEffect/bubo_runs21_BuboNested/logs/Mandelbrot_BuboOn.log,273179623328,88,java.util.Properties$LineReader.readLine(),"5:-1,3:-1,4:3,0:-1,1:0,2:1",1,252854
bubo_runs21_BuboNested,Nested,Mandelbrot,/home/hb478/repos/BuboExperiments/BuboLoopObserverEffect/bubo_runs21_BuboNested/logs/Mandelbrot_BuboOn.log,273179623328,88,java.util.Properties$LineReader.readLine(),"5:-1,3:-1,4:3,0:-1,1:0,2:1",2,16482
bubo_runs21_BuboNested,Nested,Mandelbrot,/home/hb478/repos/BuboExperiments/BuboLoopObserverEffect/bubo_runs21_BuboNested/logs/Mandelbrot_BuboOn.log,273179623328,88,java.util.Properties$LineReader.readLine(),"5:-1,3:-1,4:3,0:-1,1:0,2:1",5,666
bubo_runs21_BuboNested,Nested,Mandelbrot,/home/hb478/repos/BuboExperiments/BuboLoopObserverEffect/bubo_runs21_BuboNested/logs/Mandelbrot_BuboOn.log,273179623328,89,java.util.Properties$LineReader.readLine()-Re-Comp,"0:-1,1:0,2:1",0,544250
bubo_runs21_BuboNested,Nested,Mandelbrot,/home/hb478/repos/BuboExperiments/BuboLoopObserverEffect/bubo_runs21_BuboNested/logs/Mandelbrot_BuboOn.log,273179623328,89,java.util.Properties$LineReader.readLine()-Re-Comp,"0:-1,1:0,2:1",1,490204
bubo_runs21_BuboNested,Nested,Mandelbrot,/home/hb478/repos/BuboExperiments/BuboLoopObserverEffect/bubo_runs21_BuboNested/logs/Mandelbrot_BuboOn.log,273179623328,89,java.util.Properties$LineReader.readLine()-Re-Comp,"0:-1,1:0,2:1",2,142934
bubo_runs21_BuboNested,Nested,Mandelbrot,/home/hb478/repos/BuboExperiments/BuboLoopObserverEffect/bubo_runs21_BuboNested/logs/Mandelbrot_BuboOn.log,273179623328,92,"jdk.internal.util.ArraysSupport.unsignedHashCode(int,","0:-1,1:-1,2:-1",0,54358
bubo_runs21_BuboNested,Nested,Mandelbrot,/home/hb478/repos/BuboExperiments/BuboLoopObserverEffect/bubo_runs21_BuboNested/logs/Mandelbrot_BuboOn.log,273179623328,92,"jdk.internal.util.ArraysSupport.unsignedHashCode(int,","0:-1,1:-1,2:-1",1,104194
bubo_runs21_BuboNested,Nested,Mandelbrot,/home/hb478/repos/BuboExperiments/BuboLoopObserverEffect/bubo_runs21_BuboNested/logs/Mandelbrot_BuboOn.log,273179623328,92,"jdk.internal.util.ArraysSupport.unsignedHashCode(int,","0:-1,1:-1,2:-1",2,87868
bubo_runs21_BuboNested,Nested,Mandelbrot,/home/hb478/repos/BuboExperiments/BuboLoopObserverEffect/bubo_runs21_BuboNested/logs/Mandelbrot_BuboOn.log,273179623328,119,Mandelbrot.mandelbrot(int),"5:-1,3:-1,4:3,0:-1,1:0,2:1",0,540720050
bubo_runs21_BuboNested,Nested,Mandelbrot,/home/hb478/repos/BuboExperiments/BuboLoopObserverEffect/bubo_runs21_BuboNested/logs/Mandelbrot_BuboOn.log,273179623328,119,Mandelbrot.mandelbrot(int),"5:-1,3:-1,4:3,0:-1,1:0,2:1",1,540667412
bubo_runs21_BuboNested,Nested,Mandelbrot,/home/hb478/repos/BuboExperiments/BuboLoopObserverEffect/bubo_runs21_BuboNested/logs/Mandelbrot_BuboOn.log,273179623328,119,Mandelbrot.mandelbrot(int),"5:-1,3:-1,4:3,0:-1,1:0,2:1",2,477892634
bubo_runs21_BuboNested,Nested,Mandelbrot,/home/hb478/repos/BuboExperiments/BuboLoopObserverEffect/bubo_runs21_BuboNested/logs/Mandelbrot_BuboOn.log,273179623328,119,Mandelbrot.mandelbrot(int),"5:-1,3:-1,4:3,0:-1,1:0,2:1",3,72624
bubo_runs21_BuboNested,Nested,Mandelbrot,/home/hb478/repos/BuboExperiments/BuboLoopObserverEffect/bubo_runs21_BuboNested/logs/Mandelbrot_BuboOn.log,273179623328,119,Mandelbrot.mandelbrot(int),"5:-1,3:-1,4:3,0:-1,1:0,2:1",4,52304
bubo_runs21_BuboNested,Nested,Mandelbrot,/home/hb478/repos/BuboExperiments/BuboLoopObserverEffect/bubo_runs21_BuboNested/logs/Mandelbrot_BuboOn.log,273179623328,119,Mandelbrot.mandelbrot(int),"5:-1,3:-1,4:3,0:-1,1:0,2:1",5,478
bubo_runs21_BuboNested,Nested,Mandelbrot,/home/hb478/repos/BuboExperiments/BuboLoopObserverEffect/bubo_runs21_BuboNested/logs/Mandelbrot_BuboOn.log,273179623328,120,Mandelbrot.mandelbrot(int)-Re-Comp,"0:-1,1:0,2:1",0,272240091340
bubo_runs21_BuboNested,Nested,Mandelbrot,/home/hb478/repos/BuboExperiments/BuboLoopObserverEffect/bubo_runs21_BuboNested/logs/Mandelbrot_BuboOn.log,273179623328,120,Mandelbrot.mandelbrot(int)-Re-Comp,"0:-1,1:0,2:1",1,272206374572
bubo_runs21_BuboNested,Nested,Mandelbrot,/home/hb478/repos/BuboExperiments/BuboLoopObserverEffect/bubo_runs21_BuboNested/logs/Mandelbrot_BuboOn.log,273179623328,120,Mandelbrot.mandelbrot(int)-Re-Comp,"0:-1,1:0,2:1",2,241266842208
bubo_runs21_BuboNested,Nested,Mandelbrot,/home/hb478/repos/BuboExperiments/BuboLoopObserverEffect/bubo_runs21_BuboNested/logs/Mandelbrot_BuboOn.log,273179623328,130,"java.lang.StringLatin1.equals(byte[],",0:-1,0,3056
bubo_runs21_BuboNested,Nested,Mandelbrot,/home/hb478/repos/BuboExperiments/BuboLoopObserverEffect/bubo_runs21_BuboNested/logs/Mandelbrot_BuboOn.log,273179623328,142,"java.lang.StringLatin1.inflate(byte[],","0:-1,1:-1,2:-1",0,7866
bubo_runs21_BuboNested,Nested,Mandelbrot,/home/hb478/repos/BuboExperiments/BuboLoopObserverEffect/bubo_runs21_BuboNested/logs/Mandelbrot_BuboOn.log,273179623328,142,"java.lang.StringLatin1.inflate(byte[],","0:-1,1:-1,2:-1",1,13950
bubo_runs21_BuboNested,Nested,Mandelbrot,/home/hb478/repos/BuboExperiments/BuboLoopObserverEffect/bubo_runs21_BuboNested/logs/Mandelbrot_BuboOn.log,273179623328,142,"java.lang.StringLatin1.inflate(byte[],","0:-1,1:-1,2:-1",2,8930
bubo_runs21_BuboNested,Nested,Mandelbrot,/home/hb478/repos/BuboExperiments/BuboLoopObserverEffect/bubo_runs21_BuboNested/logs/Mandelbrot_BuboOn.log,273179623328,143,"java.lang.StringCoding.implEncodeAsciiArray(char[],",0:-1,0,140
bubo_runs21_BuboNested,Nested,Mandelbrot,/home/hb478/repos/BuboExperiments/BuboLoopObserverEffect/bubo_runs21_BuboNested/logs/Mandelbrot_BuboOn.log,273179623328,144,"java.lang.StringCoding.implEncodeAsciiArray(char[],-Re-Comp",0:-1,0,12670
bubo_runs21_BuboNested,Nested,NBody,/home/hb478/repos/BuboExperiments/BuboLoopObserverEffect/bubo_runs21_BuboNested/logs/NBody_BuboOn.log,181171899346,52,java.util.ImmutableCollections$SetN$SetNIterator.next(),0:-1,0,366202
bubo_runs21_BuboNested,Nested,NBody,/home/hb478/repos/BuboExperiments/BuboLoopObserverEffect/bubo_runs21_BuboNested/logs/NBody_BuboOn.log,181171899346,56,"java.util.HashMap.putVal(int,",0:-1,0,10916
bubo_runs21_BuboNested,Nested,NBody,/home/hb478/repos/BuboExperiments/BuboLoopObserverEffect/bubo_runs21_BuboNested/logs/NBody_BuboOn.log,181171899346,57,java.lang.String.equals(Object),0:-1,0,9554
bubo_runs21_BuboNested,Nested,NBody,/home/hb478/repos/BuboExperiments/BuboLoopObserverEffect/bubo_runs21_BuboNested/logs/NBody_BuboOn.log,181171899346,73,java.util.HashMap.resize(),"2:-1,0:-1,1:0",0,33302
bubo_runs21_BuboNested,Nested,NBody,/home/hb478/repos/BuboExperiments/BuboLoopObserverEffect/bubo_runs21_BuboNested/logs/NBody_BuboOn.log,181171899346,73,java.util.HashMap.resize(),"2:-1,0:-1,1:0",1,12368
bubo_runs21_BuboNested,Nested,NBody,/home/hb478/repos/BuboExperiments/BuboLoopObserverEffect/bubo_runs21_BuboNested/logs/NBody_BuboOn.log,181171899346,73,java.util.HashMap.resize(),"2:-1,0:-1,1:0",2,16146
bubo_runs21_BuboNested,Nested,NBody,/home/hb478/repos/BuboExperiments/BuboLoopObserverEffect/bubo_runs21_BuboNested/logs/NBody_BuboOn.log,181171899346,88,java.util.Properties$LineReader.readLine(),"5:-1,3:-1,4:3,0:-1,1:0,2:1",1,256976
bubo_runs21_BuboNested,Nested,NBody,/home/hb478/repos/BuboExperiments/BuboLoopObserverEffect/bubo_runs21_BuboNested/logs/NBody_BuboOn.log,181171899346,88,java.util.Properties$LineReader.readLine(),"5:-1,3:-1,4:3,0:-1,1:0,2:1",2,16868
bubo_runs21_BuboNested,Nested,NBody,/home/hb478/repos/BuboExperiments/BuboLoopObserverEffect/bubo_runs21_BuboNested/logs/NBody_BuboOn.log,181171899346,88,java.util.Properties$LineReader.readLine(),"5:-1,3:-1,4:3,0:-1,1:0,2:1",5,488
bubo_runs21_BuboNested,Nested,NBody,/home/hb478/repos/BuboExperiments/BuboLoopObserverEffect/bubo_runs21_BuboNested/logs/NBody_BuboOn.log,181171899346,89,java.util.Properties$LineReader.readLine()-Re-Comp,"0:-1,1:0,2:1",0,547392
bubo_runs21_BuboNested,Nested,NBody,/home/hb478/repos/BuboExperiments/BuboLoopObserverEffect/bubo_runs21_BuboNested/logs/NBody_BuboOn.log,181171899346,89,java.util.Properties$LineReader.readLine()-Re-Comp,"0:-1,1:0,2:1",1,491858
bubo_runs21_BuboNested,Nested,NBody,/home/hb478/repos/BuboExperiments/BuboLoopObserverEffect/bubo_runs21_BuboNested/logs/NBody_BuboOn.log,181171899346,89,java.util.Properties$LineReader.readLine()-Re-Comp,"0:-1,1:0,2:1",2,143068
bubo_runs21_BuboNested,Nested,NBody,/home/hb478/repos/BuboExperiments/BuboLoopObserverEffect/bubo_runs21_BuboNested/logs/NBody_BuboOn.log,181171899346,92,"jdk.internal.util.ArraysSupport.unsignedHashCode(int,","0:-1,1:-1,2:-1",0,54694
bubo_runs21_BuboNested,Nested,NBody,/home/hb478/repos/BuboExperiments/BuboLoopObserverEffect/bubo_runs21_BuboNested/logs/NBody_BuboOn.log,181171899346,92,"jdk.internal.util.ArraysSupport.unsignedHashCode(int,","0:-1,1:-1,2:-1",1,105934
bubo_runs21_BuboNested,Nested,NBody,/home/hb478/repos/BuboExperiments/BuboLoopObserverEffect/bubo_runs21_BuboNested/logs/NBody_BuboOn.log,181171899346,92,"jdk.internal.util.ArraysSupport.unsignedHashCode(int,","0:-1,1:-1,2:-1",2,89476
bubo_runs21_BuboNested,Nested,NBody,/home/hb478/repos/BuboExperiments/BuboLoopObserverEffect/bubo_runs21_BuboNested/logs/NBody_BuboOn.log,181171899346,120,"java.lang.StringLatin1.equals(byte[],",0:-1,0,4092
bubo_runs21_BuboNested,Nested,NBody,/home/hb478/repos/BuboExperiments/BuboLoopObserverEffect/bubo_runs21_BuboNested/logs/NBody_BuboOn.log,181171899346,134,nbody.NBodySystem.advance(double),"0:-1,1:0,2:-1",0,21199820
bubo_runs21_BuboNested,Nested,NBody,/home/hb478/repos/BuboExperiments/BuboLoopObserverEffect/bubo_runs21_BuboNested/logs/NBody_BuboOn.log,181171899346,134,nbody.NBodySystem.advance(double),"0:-1,1:0,2:-1",1,13306488
bubo_runs21_BuboNested,Nested,NBody,/home/hb478/repos/BuboExperiments/BuboLoopObserverEffect/bubo_runs21_BuboNested/logs/NBody_BuboOn.log,181171899346,134,nbody.NBodySystem.advance(double),"0:-1,1:0,2:-1",2,1823126
bubo_runs21_BuboNested,Nested,NBody,/home/hb478/repos/BuboExperiments/BuboLoopObserverEffect/bubo_runs21_BuboNested/logs/NBody_BuboOn.log,181171899346,135,NBody.innerBenchmarkLoop(int),"1:-1,2:1,3:-1,0:-1,4:0,5:4,6:0",0,1551897488
bubo_runs21_BuboNested,Nested,NBody,/home/hb478/repos/BuboExperiments/BuboLoopObserverEffect/bubo_runs21_BuboNested/logs/NBody_BuboOn.log,181171899346,135,NBody.innerBenchmarkLoop(int),"1:-1,2:1,3:-1,0:-1,4:0,5:4,6:0",1,2616
bubo_runs21_BuboNested,Nested,NBody,/home/hb478/repos/BuboExperiments/BuboLoopObserverEffect/bubo_runs21_BuboNested/logs/NBody_BuboOn.log,181171899346,135,NBody.innerBenchmarkLoop(int),"1:-1,2:1,3:-1,0:-1,4:0,5:4,6:0",2,1430
bubo_runs21_BuboNested,Nested,NBody,/home/hb478/repos/BuboExperiments/BuboLoopObserverEffect/bubo_runs21_BuboNested/logs/NBody_BuboOn.log,181171899346,135,NBody.innerBenchmarkLoop(int),"1:-1,2:1,3:-1,0:-1,4:0,5:4,6:0",3,224
bubo_runs21_BuboNested,Nested,NBody,/home/hb478/repos/BuboExperiments/BuboLoopObserverEffect/bubo_runs21_BuboNested/logs/NBody_BuboOn.log,181171899346,135,NBody.innerBenchmarkLoop(int),"1:-1,2:1,3:-1,0:-1,4:0,5:4,6:0",4,1282256340
bubo_runs21_BuboNested,Nested,NBody,/home/hb478/repos/BuboExperiments/BuboLoopObserverEffect/bubo_runs21_BuboNested/logs/NBody_BuboOn.log,181171899346,135,NBody.innerBenchmarkLoop(int),"1:-1,2:1,3:-1,0:-1,4:0,5:4,6:0",5,827867670
bubo_runs21_BuboNested,Nested,NBody,/home/hb478/repos/BuboExperiments/BuboLoopObserverEffect/bubo_runs21_BuboNested/logs/NBody_BuboOn.log,181171899346,135,NBody.innerBenchmarkLoop(int),"1:-1,2:1,3:-1,0:-1,4:0,5:4,6:0",6,108667180
bubo_runs21_BuboNested,Nested,NBody,/home/hb478/repos/BuboExperiments/BuboLoopObserverEffect/bubo_runs21_BuboNested/logs/NBody_BuboOn.log,181171899346,136,NBody.innerBenchmarkLoop(int)-Re-Comp,0:-1,0,179015589730
bubo_runs21_BuboNested,Nested,NBody,/home/hb478/repos/BuboExperiments/BuboLoopObserverEffect/bubo_runs21_BuboNested/logs/NBody_BuboOn.log,181171899346,157,"java.lang.StringLatin1.inflate(byte[],","0:-1,1:-1,2:-1",0,9888
bubo_runs21_BuboNested,Nested,NBody,/home/hb478/repos/BuboExperiments/BuboLoopObserverEffect/bubo_runs21_BuboNested/logs/NBody_BuboOn.log,181171899346,157,"java.lang.StringLatin1.inflate(byte[],","0:-1,1:-1,2:-1",1,15856
bubo_runs21_BuboNested,Nested,NBody,/home/hb478/repos/BuboExperiments/BuboLoopObserverEffect/bubo_runs21_BuboNested/logs/NBody_BuboOn.log,181171899346,157,"java.lang.StringLatin1.inflate(byte[],","0:-1,1:-1,2:-1",2,10826
bubo_runs21_BuboNested,Nested,Sieve,/home/hb478/repos/BuboExperiments/BuboLoopObserverEffect/bubo_runs21_BuboNested/logs/Sieve_BuboOn.log,538246895402,52,java.util.ImmutableCollections$SetN$SetNIterator.next(),0:-1,0,377724
bubo_runs21_BuboNested,Nested,Sieve,/home/hb478/repos/BuboExperiments/BuboLoopObserverEffect/bubo_runs21_BuboNested/logs/Sieve_BuboOn.log,538246895402,56,"java.util.HashMap.putVal(int,",0:-1,0,10080
bubo_runs21_BuboNested,Nested,Sieve,/home/hb478/repos/BuboExperiments/BuboLoopObserverEffect/bubo_runs21_BuboNested/logs/Sieve_BuboOn.log,538246895402,57,java.lang.String.equals(Object),0:-1,0,9026
bubo_runs21_BuboNested,Nested,Sieve,/home/hb478/repos/BuboExperiments/BuboLoopObserverEffect/bubo_runs21_BuboNested/logs/Sieve_BuboOn.log,538246895402,75,java.util.HashMap.resize(),"2:-1,0:-1,1:0",0,29966
bubo_runs21_BuboNested,Nested,Sieve,/home/hb478/repos/BuboExperiments/BuboLoopObserverEffect/bubo_runs21_BuboNested/logs/Sieve_BuboOn.log,538246895402,75,java.util.HashMap.resize(),"2:-1,0:-1,1:0",1,9134
bubo_runs21_BuboNested,Nested,Sieve,/home/hb478/repos/BuboExperiments/BuboLoopObserverEffect/bubo_runs21_BuboNested/logs/Sieve_BuboOn.log,538246895402,75,java.util.HashMap.resize(),"2:-1,0:-1,1:0",2,15698
bubo_runs21_BuboNested,Nested,Sieve,/home/hb478/repos/BuboExperiments/BuboLoopObserverEffect/bubo_runs21_BuboNested/logs/Sieve_BuboOn.log,538246895402,88,java.util.Properties$LineReader.readLine(),"5:-1,3:-1,4:3,0:-1,1:0,2:1",1,238702
bubo_runs21_BuboNested,Nested,Sieve,/home/hb478/repos/BuboExperiments/BuboLoopObserverEffect/bubo_runs21_BuboNested/logs/Sieve_BuboOn.log,538246895402,88,java.util.Properties$LineReader.readLine(),"5:-1,3:-1,4:3,0:-1,1:0,2:1",2,16646
bubo_runs21_BuboNested,Nested,Sieve,/home/hb478/repos/BuboExperiments/BuboLoopObserverEffect/bubo_runs21_BuboNested/logs/Sieve_BuboOn.log,538246895402,88,java.util.Properties$LineReader.readLine(),"5:-1,3:-1,4:3,0:-1,1:0,2:1",5,612
bubo_runs21_BuboNested,Nested,Sieve,/home/hb478/repos/BuboExperiments/BuboLoopObserverEffect/bubo_runs21_BuboNested/logs/Sieve_BuboOn.log,538246895402,89,java.util.Properties$LineReader.readLine()-Re-Comp,"0:-1,1:0,2:1",0,549376
bubo_runs21_BuboNested,Nested,Sieve,/home/hb478/repos/BuboExperiments/BuboLoopObserverEffect/bubo_runs21_BuboNested/logs/Sieve_BuboOn.log,538246895402,89,java.util.Properties$LineReader.readLine()-Re-Comp,"0:-1,1:0,2:1",1,496322
bubo_runs21_BuboNested,Nested,Sieve,/home/hb478/repos/BuboExperiments/BuboLoopObserverEffect/bubo_runs21_BuboNested/logs/Sieve_BuboOn.log,538246895402,89,java.util.Properties$LineReader.readLine()-Re-Comp,"0:-1,1:0,2:1",2,142468
bubo_runs21_BuboNested,Nested,Sieve,/home/hb478/repos/BuboExperiments/BuboLoopObserverEffect/bubo_runs21_BuboNested/logs/Sieve_BuboOn.log,538246895402,92,"jdk.internal.util.ArraysSupport.unsignedHashCode(int,","0:-1,1:-1,2:-1",0,54556
bubo_runs21_BuboNested,Nested,Sieve,/home/hb478/repos/BuboExperiments/BuboLoopObserverEffect/bubo_runs21_BuboNested/logs/Sieve_BuboOn.log,538246895402,92,"jdk.internal.util.ArraysSupport.unsignedHashCode(int,","0:-1,1:-1,2:-1",1,103870
bubo_runs21_BuboNested,Nested,Sieve,/home/hb478/repos/BuboExperiments/BuboLoopObserverEffect/bubo_runs21_BuboNested/logs/Sieve_BuboOn.log,538246895402,92,"jdk.internal.util.ArraysSupport.unsignedHashCode(int,","0:-1,1:-1,2:-1",2,87308
bubo_runs21_BuboNested,Nested,Sieve,/home/hb478/repos/BuboExperiments/BuboLoopObserverEffect/bubo_runs21_BuboNested/logs/Sieve_BuboOn.log,538246895402,119,"Sieve.sieve(boolean[],","1:-1,0:-1,2:0",0,90048
bubo_runs21_BuboNested,Nested,Sieve,/home/hb478/repos/BuboExperiments/BuboLoopObserverEffect/bubo_runs21_BuboNested/logs/Sieve_BuboOn.log,538246895402,119,"Sieve.sieve(boolean[],","1:-1,0:-1,2:0",1,1844
bubo_runs21_BuboNested,Nested,Sieve,/home/hb478/repos/BuboExperiments/BuboLoopObserverEffect/bubo_runs21_BuboNested/logs/Sieve_BuboOn.log,538246895402,119,"Sieve.sieve(boolean[],","1:-1,0:-1,2:0",2,32440
bubo_runs21_BuboNested,Nested,Sieve,/home/hb478/repos/BuboExperiments/BuboLoopObserverEffect/bubo_runs21_BuboNested/logs/Sieve_BuboOn.log,538246895402,120,"Sieve.sieve(boolean[],-Re-Comp","0:-1,1:0",0,602778198
bubo_runs21_BuboNested,Nested,Sieve,/home/hb478/repos/BuboExperiments/BuboLoopObserverEffect/bubo_runs21_BuboNested/logs/Sieve_BuboOn.log,538246895402,120,"Sieve.sieve(boolean[],-Re-Comp","0:-1,1:0",1,284024964
bubo_runs21_BuboNested,Nested,Sieve,/home/hb478/repos/BuboExperiments/BuboLoopObserverEffect/bubo_runs21_BuboNested/logs/Sieve_BuboOn.log,538246895402,121,"java.util.Arrays.fill(boolean[],","0:-1,1:-1,2:-1",0,70
bubo_runs21_BuboNested,Nested,Sieve,/home/hb478/repos/BuboExperiments/BuboLoopObserverEffect/bubo_runs21_BuboNested/logs/Sieve_BuboOn.log,538246895402,121,"java.util.Arrays.fill(boolean[],","0:-1,1:-1,2:-1",1,5004
bubo_runs21_BuboNested,Nested,Sieve,/home/hb478/repos/BuboExperiments/BuboLoopObserverEffect/bubo_runs21_BuboNested/logs/Sieve_BuboOn.log,538246895402,121,"java.util.Arrays.fill(boolean[],","0:-1,1:-1,2:-1",2,114
bubo_runs21_BuboNested,Nested,Sieve,/home/hb478/repos/BuboExperiments/BuboLoopObserverEffect/bubo_runs21_BuboNested/logs/Sieve_BuboOn.log,538246895402,122,"java.util.Arrays.fill(boolean[],-Re-Comp","0:-1,1:-1,2:-1",0,343422
bubo_runs21_BuboNested,Nested,Sieve,/home/hb478/repos/BuboExperiments/BuboLoopObserverEffect/bubo_runs21_BuboNested/logs/Sieve_BuboOn.log,538246895402,122,"java.util.Arrays.fill(boolean[],-Re-Comp","0:-1,1:-1,2:-1",1,34834370
bubo_runs21_BuboNested,Nested,Sieve,/home/hb478/repos/BuboExperiments/BuboLoopObserverEffect/bubo_runs21_BuboNested/logs/Sieve_BuboOn.log,538246895402,122,"java.util.Arrays.fill(boolean[],-Re-Comp","0:-1,1:-1,2:-1",2,396262
bubo_runs21_BuboNested,Nested,Sieve,/home/hb478/repos/BuboExperiments/BuboLoopObserverEffect/bubo_runs21_BuboNested/logs/Sieve_BuboOn.log,538246895402,125,Sieve.benchmark(),"0:-1,3:-1,4:-1,1:-1,2:1",0,699810
bubo_runs21_BuboNested,Nested,Sieve,/home/hb478/repos/BuboExperiments/BuboLoopObserverEffect/bubo_runs21_BuboNested/logs/Sieve_BuboOn.log,538246895402,125,Sieve.benchmark(),"0:-1,3:-1,4:-1,1:-1,2:1",1,1352574290
bubo_runs21_BuboNested,Nested,Sieve,/home/hb478/repos/BuboExperiments/BuboLoopObserverEffect/bubo_runs21_BuboNested/logs/Sieve_BuboOn.log,538246895402,125,Sieve.benchmark(),"0:-1,3:-1,4:-1,1:-1,2:1",2,720838840
bubo_runs21_BuboNested,Nested,Sieve,/home/hb478/repos/BuboExperiments/BuboLoopObserverEffect/bubo_runs21_BuboNested/logs/Sieve_BuboOn.log,538246895402,125,Sieve.benchmark(),"0:-1,3:-1,4:-1,1:-1,2:1",3,69802148
bubo_runs21_BuboNested,Nested,Sieve,/home/hb478/repos/BuboExperiments/BuboLoopObserverEffect/bubo_runs21_BuboNested/logs/Sieve_BuboOn.log,538246895402,125,Sieve.benchmark(),"0:-1,3:-1,4:-1,1:-1,2:1",4,821458
bubo_runs21_BuboNested,Nested,Sieve,/home/hb478/repos/BuboExperiments/BuboLoopObserverEffect/bubo_runs21_BuboNested/logs/Sieve_BuboOn.log,538246895402,136,"java.lang.StringLatin1.equals(byte[],",0:-1,0,2900
bubo_runs21_BuboNested,Nested,Sieve,/home/hb478/repos/BuboExperiments/BuboLoopObserverEffect/bubo_runs21_BuboNested/logs/Sieve_BuboOn.log,538246895402,140,Benchmark.innerBenchmarkLoop(int),"1:-1,7:-1,8:-1,2:-1,3:2,0:-1,4:0,9:0,10:0,5:0,6:5",0,1023143724
bubo_runs21_BuboNested,Nested,Sieve,/home/hb478/repos/BuboExperiments/BuboLoopObserverEffect/bubo_runs21_BuboNested/logs/Sieve_BuboOn.log,538246895402,140,Benchmark.innerBenchmarkLoop(int),"1:-1,7:-1,8:-1,2:-1,3:2,0:-1,4:0,9:0,10:0,5:0,6:5",1,70
bubo_runs21_BuboNested,Nested,Sieve,/home/hb478/repos/BuboExperiments/BuboLoopObserverEffect/bubo_runs21_BuboNested/logs/Sieve_BuboOn.log,538246895402,140,Benchmark.innerBenchmarkLoop(int),"1:-1,7:-1,8:-1,2:-1,3:2,0:-1,4:0,9:0,10:0,5:0,6:5",2,109376
bubo_runs21_BuboNested,Nested,Sieve,/home/hb478/repos/BuboExperiments/BuboLoopObserverEffect/bubo_runs21_BuboNested/logs/Sieve_BuboOn.log,538246895402,140,Benchmark.innerBenchmarkLoop(int),"1:-1,7:-1,8:-1,2:-1,3:2,0:-1,4:0,9:0,10:0,5:0,6:5",3,53790
bubo_runs21_BuboNested,Nested,Sieve,/home/hb478/repos/BuboExperiments/BuboLoopObserverEffect/bubo_runs21_BuboNested/logs/Sieve_BuboOn.log,538246895402,140,Benchmark.innerBenchmarkLoop(int),"1:-1,7:-1,8:-1,2:-1,3:2,0:-1,4:0,9:0,10:0,5:0,6:5",4,487528
bubo_runs21_BuboNested,Nested,Sieve,/home/hb478/repos/BuboExperiments/BuboLoopObserverEffect/bubo_runs21_BuboNested/logs/Sieve_BuboOn.log,538246895402,140,Benchmark.innerBenchmarkLoop(int),"1:-1,7:-1,8:-1,2:-1,3:2,0:-1,4:0,9:0,10:0,5:0,6:5",5,956614410
bubo_runs21_BuboNested,Nested,Sieve,/home/hb478/repos/BuboExperiments/BuboLoopObserverEffect/bubo_runs21_BuboNested/logs/Sieve_BuboOn.log,538246895402,140,Benchmark.innerBenchmarkLoop(int),"1:-1,7:-1,8:-1,2:-1,3:2,0:-1,4:0,9:0,10:0,5:0,6:5",6,505945982
bubo_runs21_BuboNested,Nested,Sieve,/home/hb478/repos/BuboExperiments/BuboLoopObserverEffect/bubo_runs21_BuboNested/logs/Sieve_BuboOn.log,538246895402,140,Benchmark.innerBenchmarkLoop(int),"1:-1,7:-1,8:-1,2:-1,3:2,0:-1,4:0,9:0,10:0,5:0,6:5",7,5114
bubo_runs21_BuboNested,Nested,Sieve,/home/hb478/repos/BuboExperiments/BuboLoopObserverEffect/bubo_runs21_BuboNested/logs/Sieve_BuboOn.log,538246895402,140,Benchmark.innerBenchmarkLoop(int),"1:-1,7:-1,8:-1,2:-1,3:2,0:-1,4:0,9:0,10:0,5:0,6:5",8,120
bubo_runs21_BuboNested,Nested,Sieve,/home/hb478/repos/BuboExperiments/BuboLoopObserverEffect/bubo_runs21_BuboNested/logs/Sieve_BuboOn.log,538246895402,140,Benchmark.innerBenchmarkLoop(int),"1:-1,7:-1,8:-1,2:-1,3:2,0:-1,4:0,9:0,10:0,5:0,6:5",9,48794938
bubo_runs21_BuboNested,Nested,Sieve,/home/hb478/repos/BuboExperiments/BuboLoopObserverEffect/bubo_runs21_BuboNested/logs/Sieve_BuboOn.log,538246895402,140,Benchmark.innerBenchmarkLoop(int),"1:-1,7:-1,8:-1,2:-1,3:2,0:-1,4:0,9:0,10:0,5:0,6:5",10,555918
bubo_runs21_BuboNested,Nested,Sieve,/home/hb478/repos/BuboExperiments/BuboLoopObserverEffect/bubo_runs21_BuboNested/logs/Sieve_BuboOn.log,538246895402,141,Benchmark.innerBenchmarkLoop(int)-Re-Comp,"0:-1,1:0,4:0,5:0,2:0,3:2",0,534553826960
bubo_runs21_BuboNested,Nested,Sieve,/home/hb478/repos/BuboExperiments/BuboLoopObserverEffect/bubo_runs21_BuboNested/logs/Sieve_BuboOn.log,538246895402,141,Benchmark.innerBenchmarkLoop(int)-Re-Comp,"0:-1,1:0,4:0,5:0,2:0,3:2",1,253185802
bubo_runs21_BuboNested,Nested,Sieve,/home/hb478/repos/BuboExperiments/BuboLoopObserverEffect/bubo_runs21_BuboNested/logs/Sieve_BuboOn.log,538246895402,141,Benchmark.innerBenchmarkLoop(int)-Re-Comp,"0:-1,1:0,4:0,5:0,2:0,3:2",2,502645967644
bubo_runs21_BuboNested,Nested,Sieve,/home/hb478/repos/BuboExperiments/BuboLoopObserverEffect/bubo_runs21_BuboNested/logs/Sieve_BuboOn.log,538246895402,141,Benchmark.innerBenchmarkLoop(int)-Re-Comp,"0:-1,1:0,4:0,5:0,2:0,3:2",3,264110661532
bubo_runs21_BuboNested,Nested,Sieve,/home/hb478/repos/BuboExperiments/BuboLoopObserverEffect/bubo_runs21_BuboNested/logs/Sieve_BuboOn.log,538246895402,141,Benchmark.innerBenchmarkLoop(int)-Re-Comp,"0:-1,1:0,4:0,5:0,2:0,3:2",4,25362611124
bubo_runs21_BuboNested,Nested,Sieve,/home/hb478/repos/BuboExperiments/BuboLoopObserverEffect/bubo_runs21_BuboNested/logs/Sieve_BuboOn.log,538246895402,141,Benchmark.innerBenchmarkLoop(int)-Re-Comp,"0:-1,1:0,4:0,5:0,2:0,3:2",5,290837642
bubo_runs21_BuboNested,Nested,Sieve,/home/hb478/repos/BuboExperiments/BuboLoopObserverEffect/bubo_runs21_BuboNested/logs/Sieve_BuboOn.log,538246895402,150,"java.lang.StringLatin1.inflate(byte[],","0:-1,1:-1,2:-1",0,12060
bubo_runs21_BuboNested,Nested,Sieve,/home/hb478/repos/BuboExperiments/BuboLoopObserverEffect/bubo_runs21_BuboNested/logs/Sieve_BuboOn.log,538246895402,150,"java.lang.StringLatin1.inflate(byte[],","0:-1,1:-1,2:-1",1,19826
bubo_runs21_BuboNested,Nested,Sieve,/home/hb478/repos/BuboExperiments/BuboLoopObserverEffect/bubo_runs21_BuboNested/logs/Sieve_BuboOn.log,538246895402,150,"java.lang.StringLatin1.inflate(byte[],","0:-1,1:-1,2:-1",2,13886
bubo_runs22_BuboNoNested,NoNested,Bounce,/home/hb478/repos/BuboExperiments/BuboLoopObserverEffect/bubo_runs22_BuboNoNested/logs/Bounce_BuboOn.log,182196024706,52,java.util.ImmutableCollections$SetN$SetNIterator.next(),0:-1,0,359932
bubo_runs22_BuboNoNested,NoNested,Bounce,/home/hb478/repos/BuboExperiments/BuboLoopObserverEffect/bubo_runs22_BuboNoNested/logs/Bounce_BuboOn.log,182196024706,56,"java.util.HashMap.putVal(int,",0:-1,0,9612
bubo_runs22_BuboNoNested,NoNested,Bounce,/home/hb478/repos/BuboExperiments/BuboLoopObserverEffect/bubo_runs22_BuboNoNested/logs/Bounce_BuboOn.log,182196024706,57,java.lang.String.equals(Object),0:-1,0,8910
bubo_runs22_BuboNoNested,NoNested,Bounce,/home/hb478/repos/BuboExperiments/BuboLoopObserverEffect/bubo_runs22_BuboNoNested/logs/Bounce_BuboOn.log,182196024706,70,java.util.HashMap.resize(),"2:-1,0:-1,1:0",0,24064
bubo_runs22_BuboNoNested,NoNested,Bounce,/home/hb478/repos/BuboExperiments/BuboLoopObserverEffect/bubo_runs22_BuboNoNested/logs/Bounce_BuboOn.log,182196024706,70,java.util.HashMap.resize(),"2:-1,0:-1,1:0",2,16614
bubo_runs22_BuboNoNested,NoNested,Bounce,/home/hb478/repos/BuboExperiments/BuboLoopObserverEffect/bubo_runs22_BuboNoNested/logs/Bounce_BuboOn.log,182196024706,88,java.util.Properties$LineReader.readLine(),"5:-1,3:-1,4:3,0:-1,1:0,2:1",5,522
bubo_runs22_BuboNoNested,NoNested,Bounce,/home/hb478/repos/BuboExperiments/BuboLoopObserverEffect/bubo_runs22_BuboNoNested/logs/Bounce_BuboOn.log,182196024706,89,java.util.Properties$LineReader.readLine()-Re-Comp,"0:-1,1:0,2:1",0,377080
bubo_runs22_BuboNoNested,NoNested,Bounce,/home/hb478/repos/BuboExperiments/BuboLoopObserverEffect/bubo_runs22_BuboNoNested/logs/Bounce_BuboOn.log,182196024706,92,"jdk.internal.util.ArraysSupport.unsignedHashCode(int,","0:-1,1:-1,2:-1",0,59640
bubo_runs22_BuboNoNested,NoNested,Bounce,/home/hb478/repos/BuboExperiments/BuboLoopObserverEffect/bubo_runs22_BuboNoNested/logs/Bounce_BuboOn.log,182196024706,92,"jdk.internal.util.ArraysSupport.unsignedHashCode(int,","0:-1,1:-1,2:-1",1,118480
bubo_runs22_BuboNoNested,NoNested,Bounce,/home/hb478/repos/BuboExperiments/BuboLoopObserverEffect/bubo_runs22_BuboNoNested/logs/Bounce_BuboOn.log,182196024706,92,"jdk.internal.util.ArraysSupport.unsignedHashCode(int,","0:-1,1:-1,2:-1",2,96946
bubo_runs22_BuboNoNested,NoNested,Bounce,/home/hb478/repos/BuboExperiments/BuboLoopObserverEffect/bubo_runs22_BuboNoNested/logs/Bounce_BuboOn.log,182196024706,120,"java.lang.StringLatin1.equals(byte[],",0:-1,0,7706
bubo_runs22_BuboNoNested,NoNested,Bounce,/home/hb478/repos/BuboExperiments/BuboLoopObserverEffect/bubo_runs22_BuboNoNested/logs/Bounce_BuboOn.log,182196024706,125,Bounce.benchmark(),"2:-1,0:-1,1:0",0,81412
bubo_runs22_BuboNoNested,NoNested,Bounce,/home/hb478/repos/BuboExperiments/BuboLoopObserverEffect/bubo_runs22_BuboNoNested/logs/Bounce_BuboOn.log,182196024706,125,Bounce.benchmark(),"2:-1,0:-1,1:0",2,728
bubo_runs22_BuboNoNested,NoNested,Bounce,/home/hb478/repos/BuboExperiments/BuboLoopObserverEffect/bubo_runs22_BuboNoNested/logs/Bounce_BuboOn.log,182196024706,126,Bounce.benchmark()-Re-Comp,"3:-1,2:-1,0:-1,1:0",0,167179381104
bubo_runs22_BuboNoNested,NoNested,Bounce,/home/hb478/repos/BuboExperiments/BuboLoopObserverEffect/bubo_runs22_BuboNoNested/logs/Bounce_BuboOn.log,182196024706,126,Bounce.benchmark()-Re-Comp,"3:-1,2:-1,0:-1,1:0",2,12534379602
bubo_runs22_BuboNoNested,NoNested,Bounce,/home/hb478/repos/BuboExperiments/BuboLoopObserverEffect/bubo_runs22_BuboNoNested/logs/Bounce_BuboOn.log,182196024706,126,Bounce.benchmark()-Re-Comp,"3:-1,2:-1,0:-1,1:0",3,584281754
bubo_runs22_BuboNoNested,NoNested,Bounce,/home/hb478/repos/BuboExperiments/BuboLoopObserverEffect/bubo_runs22_BuboNoNested/logs/Bounce_BuboOn.log,182196024706,143,Benchmark.innerBenchmarkLoop(int),0:-1,0,356199504
bubo_runs22_BuboNoNested,NoNested,Bounce,/home/hb478/repos/BuboExperiments/BuboLoopObserverEffect/bubo_runs22_BuboNoNested/logs/Bounce_BuboOn.log,182196024706,144,Benchmark.innerBenchmarkLoop(int)-Re-Comp,0:-1,0,180369800714
bubo_runs22_BuboNoNested,NoNested,Bounce,/home/hb478/repos/BuboExperiments/BuboLoopObserverEffect/bubo_runs22_BuboNoNested/logs/Bounce_BuboOn.log,182196024706,152,"java.lang.StringLatin1.inflate(byte[],","0:-1,1:-1,2:-1",0,13544
bubo_runs22_BuboNoNested,NoNested,Bounce,/home/hb478/repos/BuboExperiments/BuboLoopObserverEffect/bubo_runs22_BuboNoNested/logs/Bounce_BuboOn.log,182196024706,152,"java.lang.StringLatin1.inflate(byte[],","0:-1,1:-1,2:-1",1,22226
bubo_runs22_BuboNoNested,NoNested,Bounce,/home/hb478/repos/BuboExperiments/BuboLoopObserverEffect/bubo_runs22_BuboNoNested/logs/Bounce_BuboOn.log,182196024706,152,"java.lang.StringLatin1.inflate(byte[],","0:-1,1:-1,2:-1",2,16800
bubo_runs22_BuboNoNested,NoNested,Bounce,/home/hb478/repos/BuboExperiments/BuboLoopObserverEffect/bubo_runs22_BuboNoNested/logs/Bounce_BuboOn.log,182196024706,161,"java.lang.StringCoding.implEncodeAsciiArray(char[],",0:-1,0,422
bubo_runs22_BuboNoNested,NoNested,Bounce,/home/hb478/repos/BuboExperiments/BuboLoopObserverEffect/bubo_runs22_BuboNoNested/logs/Bounce_BuboOn.log,182196024706,162,"java.lang.StringCoding.implEncodeAsciiArray(char[],-Re-Comp",0:-1,0,1166
bubo_runs22_BuboNoNested,NoNested,Json,/home/hb478/repos/BuboExperiments/BuboLoopObserverEffect/bubo_runs22_BuboNoNested/logs/Json_BuboOn.log,154946039340,52,java.util.ImmutableCollections$SetN$SetNIterator.next(),0:-1,0,364456
bubo_runs22_BuboNoNested,NoNested,Json,/home/hb478/repos/BuboExperiments/BuboLoopObserverEffect/bubo_runs22_BuboNoNested/logs/Json_BuboOn.log,154946039340,56,"java.util.HashMap.putVal(int,",0:-1,0,9230
bubo_runs22_BuboNoNested,NoNested,Json,/home/hb478/repos/BuboExperiments/BuboLoopObserverEffect/bubo_runs22_BuboNoNested/logs/Json_BuboOn.log,154946039340,57,java.lang.String.equals(Object),0:-1,0,9056
bubo_runs22_BuboNoNested,NoNested,Json,/home/hb478/repos/BuboExperiments/BuboLoopObserverEffect/bubo_runs22_BuboNoNested/logs/Json_BuboOn.log,154946039340,70,java.util.HashMap.resize(),"2:-1,0:-1,1:0",0,16726
bubo_runs22_BuboNoNested,NoNested,Json,/home/hb478/repos/BuboExperiments/BuboLoopObserverEffect/bubo_runs22_BuboNoNested/logs/Json_BuboOn.log,154946039340,70,java.util.HashMap.resize(),"2:-1,0:-1,1:0",2,16312
bubo_runs22_BuboNoNested,NoNested,Json,/home/hb478/repos/BuboExperiments/BuboLoopObserverEffect/bubo_runs22_BuboNoNested/logs/Json_BuboOn.log,154946039340,88,java.util.Properties$LineReader.readLine(),"5:-1,3:-1,4:3,0:-1,1:0,2:1",5,554
bubo_runs22_BuboNoNested,NoNested,Json,/home/hb478/repos/BuboExperiments/BuboLoopObserverEffect/bubo_runs22_BuboNoNested/logs/Json_BuboOn.log,154946039340,90,java.util.Properties$LineReader.readLine()-Re-Comp,"5:-1,3:-1,4:3,0:-1,1:0,2:1",0,20440
bubo_runs22_BuboNoNested,NoNested,Json,/home/hb478/repos/BuboExperiments/BuboLoopObserverEffect/bubo_runs22_BuboNoNested/logs/Json_BuboOn.log,154946039340,90,java.util.Properties$LineReader.readLine()-Re-Comp,"5:-1,3:-1,4:3,0:-1,1:0,2:1",5,120
bubo_runs22_BuboNoNested,NoNested,Json,/home/hb478/repos/BuboExperiments/BuboLoopObserverEffect/bubo_runs22_BuboNoNested/logs/Json_BuboOn.log,154946039340,91,java.util.Properties$LineReader.readLine()-Re-Comp,"0:-1,1:0,2:1",0,286424
bubo_runs22_BuboNoNested,NoNested,Json,/home/hb478/repos/BuboExperiments/BuboLoopObserverEffect/bubo_runs22_BuboNoNested/logs/Json_BuboOn.log,154946039340,94,"jdk.internal.util.ArraysSupport.unsignedHashCode(int,","0:-1,1:-1,2:-1",0,51218
bubo_runs22_BuboNoNested,NoNested,Json,/home/hb478/repos/BuboExperiments/BuboLoopObserverEffect/bubo_runs22_BuboNoNested/logs/Json_BuboOn.log,154946039340,94,"jdk.internal.util.ArraysSupport.unsignedHashCode(int,","0:-1,1:-1,2:-1",1,96364
bubo_runs22_BuboNoNested,NoNested,Json,/home/hb478/repos/BuboExperiments/BuboLoopObserverEffect/bubo_runs22_BuboNoNested/logs/Json_BuboOn.log,154946039340,94,"jdk.internal.util.ArraysSupport.unsignedHashCode(int,","0:-1,1:-1,2:-1",2,82616
bubo_runs22_BuboNoNested,NoNested,Json,/home/hb478/repos/BuboExperiments/BuboLoopObserverEffect/bubo_runs22_BuboNoNested/logs/Json_BuboOn.log,154946039340,122,"java.lang.StringLatin1.equals(byte[],",0:-1,0,221330
bubo_runs22_BuboNoNested,NoNested,Json,/home/hb478/repos/BuboExperiments/BuboLoopObserverEffect/bubo_runs22_BuboNoNested/logs/Json_BuboOn.log,154946039340,127,java.lang.String.equals(Object)-Re-Comp,0:-1,0,7226216
bubo_runs22_BuboNoNested,NoNested,Json,/home/hb478/repos/BuboExperiments/BuboLoopObserverEffect/bubo_runs22_BuboNoNested/logs/Json_BuboOn.log,154946039340,142,"json.JsonPureStringParser.subStringFromTo(int,","1:-1,0:-1",0,281968
bubo_runs22_BuboNoNested,NoNested,Json,/home/hb478/repos/BuboExperiments/BuboLoopObserverEffect/bubo_runs22_BuboNoNested/logs/Json_BuboOn.log,154946039340,142,"json.JsonPureStringParser.subStringFromTo(int,","1:-1,0:-1",1,235806
bubo_runs22_BuboNoNested,NoNested,Json,/home/hb478/repos/BuboExperiments/BuboLoopObserverEffect/bubo_runs22_BuboNoNested/logs/Json_BuboOn.log,154946039340,143,json.JsonPureStringParser.readStringInternal(),"0:-1,3:-1,2:-1,1:-1",0,27744400874
bubo_runs22_BuboNoNested,NoNested,Json,/home/hb478/repos/BuboExperiments/BuboLoopObserverEffect/bubo_runs22_BuboNoNested/logs/Json_BuboOn.log,154946039340,143,json.JsonPureStringParser.readStringInternal(),"0:-1,3:-1,2:-1,1:-1",1,6708018738
bubo_runs22_BuboNoNested,NoNested,Json,/home/hb478/repos/BuboExperiments/BuboLoopObserverEffect/bubo_runs22_BuboNoNested/logs/Json_BuboOn.log,154946039340,143,json.JsonPureStringParser.readStringInternal(),"0:-1,3:-1,2:-1,1:-1",3,5473311862
bubo_runs22_BuboNoNested,NoNested,Json,/home/hb478/repos/BuboExperiments/BuboLoopObserverEffect/bubo_runs22_BuboNoNested/logs/Json_BuboOn.log,154946039340,154,json.JsonPureStringParser.readArray(),"3:-1,2:-1,0:-1,1:-1",0,377079802986
bubo_runs22_BuboNoNested,NoNested,Json,/home/hb478/repos/BuboExperiments/BuboLoopObserverEffect/bubo_runs22_BuboNoNested/logs/Json_BuboOn.log,154946039340,154,json.JsonPureStringParser.readArray(),"3:-1,2:-1,0:-1,1:-1",1,46455694
bubo_runs22_BuboNoNested,NoNested,Json,/home/hb478/repos/BuboExperiments/BuboLoopObserverEffect/bubo_runs22_BuboNoNested/logs/Json_BuboOn.log,154946039340,154,json.JsonPureStringParser.readArray(),"3:-1,2:-1,0:-1,1:-1",2,2171668450
bubo_runs22_BuboNoNested,NoNested,Json,/home/hb478/repos/BuboExperiments/BuboLoopObserverEffect/bubo_runs22_BuboNoNested/logs/Json_BuboOn.log,154946039340,154,json.JsonPureStringParser.readArray(),"3:-1,2:-1,0:-1,1:-1",3,4160912
bubo_runs22_BuboNoNested,NoNested,Json,/home/hb478/repos/BuboExperiments/BuboLoopObserverEffect/bubo_runs22_BuboNoNested/logs/Json_BuboOn.log,154946039340,156,json.JsonPureStringParser.endCapture(),"1:-1,0:-1",0,1975207686
bubo_runs22_BuboNoNested,NoNested,Json,/home/hb478/repos/BuboExperiments/BuboLoopObserverEffect/bubo_runs22_BuboNoNested/logs/Json_BuboOn.log,154946039340,156,json.JsonPureStringParser.endCapture(),"1:-1,0:-1",1,1929946956
bubo_runs22_BuboNoNested,NoNested,Json,/home/hb478/repos/BuboExperiments/BuboLoopObserverEffect/bubo_runs22_BuboNoNested/logs/Json_BuboOn.log,154946039340,157,json.JsonPureStringParser.readNumber(),0:-1,0,6781868820
bubo_runs22_BuboNoNested,NoNested,Json,/home/hb478/repos/BuboExperiments/BuboLoopObserverEffect/bubo_runs22_BuboNoNested/logs/Json_BuboOn.log,154946039340,165,som.Vector.<init>(),0:-1,0,245298
bubo_runs22_BuboNoNested,NoNested,Json,/home/hb478/repos/BuboExperiments/BuboLoopObserverEffect/bubo_runs22_BuboNoNested/logs/Json_BuboOn.log,154946039340,167,json.JsonPureStringParser.readObject(),"1:-1,4:-1,5:-1,0:-1,2:-1,3:-1",0,259012771870
bubo_runs22_BuboNoNested,NoNested,Json,/home/hb478/repos/BuboExperiments/BuboLoopObserverEffect/bubo_runs22_BuboNoNested/logs/Json_BuboOn.log,154946039340,167,json.JsonPureStringParser.readObject(),"1:-1,4:-1,5:-1,0:-1,2:-1,3:-1",1,542236880
bubo_runs22_BuboNoNested,NoNested,Json,/home/hb478/repos/BuboExperiments/BuboLoopObserverEffect/bubo_runs22_BuboNoNested/logs/Json_BuboOn.log,154946039340,167,json.JsonPureStringParser.readObject(),"1:-1,4:-1,5:-1,0:-1,2:-1,3:-1",2,65501852
bubo_runs22_BuboNoNested,NoNested,Json,/home/hb478/repos/BuboExperiments/BuboLoopObserverEffect/bubo_runs22_BuboNoNested/logs/Json_BuboOn.log,154946039340,167,json.JsonPureStringParser.readObject(),"1:-1,4:-1,5:-1,0:-1,2:-1,3:-1",3,67261340
bubo_runs22_BuboNoNested,NoNested,Json,/home/hb478/repos/BuboExperiments/BuboLoopObserverEffect/bubo_runs22_BuboNoNested/logs/Json_BuboOn.log,154946039340,167,json.JsonPureStringParser.readObject(),"1:-1,4:-1,5:-1,0:-1,2:-1,3:-1",4,538714968
bubo_runs22_BuboNoNested,NoNested,Json,/home/hb478/repos/BuboExperiments/BuboLoopObserverEffect/bubo_runs22_BuboNoNested/logs/Json_BuboOn.log,154946039340,167,json.JsonPureStringParser.readObject(),"1:-1,4:-1,5:-1,0:-1,2:-1,3:-1",5,539540484
bubo_runs22_BuboNoNested,NoNested,Json,/home/hb478/repos/BuboExperiments/BuboLoopObserverEffect/bubo_runs22_BuboNoNested/logs/Json_BuboOn.log,154946039340,192,"java.util.Arrays.copyOf(Object[],",0:-1,0,16620346
bubo_runs22_BuboNoNested,NoNested,Json,/home/hb478/repos/BuboExperiments/BuboLoopObserverEffect/bubo_runs22_BuboNoNested/logs/Json_BuboOn.log,154946039340,205,Benchmark.innerBenchmarkLoop(int),0:-1,0,54675328
bubo_runs22_BuboNoNested,NoNested,Json,/home/hb478/repos/BuboExperiments/BuboLoopObserverEffect/bubo_runs22_BuboNoNested/logs/Json_BuboOn.log,154946039340,206,Benchmark.innerBenchmarkLoop(int)-Re-Comp,0:-1,0,89156297362
bubo_runs22_BuboNoNested,NoNested,Json,/home/hb478/repos/BuboExperiments/BuboLoopObserverEffect/bubo_runs22_BuboNoNested/logs/Json_BuboOn.log,154946039340,207,"java.lang.StringLatin1.inflate(byte[],","0:-1,1:-1,2:-1",0,10304
bubo_runs22_BuboNoNested,NoNested,Json,/home/hb478/repos/BuboExperiments/BuboLoopObserverEffect/bubo_runs22_BuboNoNested/logs/Json_BuboOn.log,154946039340,207,"java.lang.StringLatin1.inflate(byte[],","0:-1,1:-1,2:-1",1,13862
bubo_runs22_BuboNoNested,NoNested,Json,/home/hb478/repos/BuboExperiments/BuboLoopObserverEffect/bubo_runs22_BuboNoNested/logs/Json_BuboOn.log,154946039340,207,"java.lang.StringLatin1.inflate(byte[],","0:-1,1:-1,2:-1",2,10916
bubo_runs22_BuboNoNested,NoNested,LoopBenchmarks,/home/hb478/repos/BuboExperiments/BuboLoopObserverEffect/bubo_runs22_BuboNoNested/logs/LoopBenchmarks_BuboOn.log,185108147824,52,java.util.ImmutableCollections$SetN$SetNIterator.next(),0:-1,0,360622
bubo_runs22_BuboNoNested,NoNested,LoopBenchmarks,/home/hb478/repos/BuboExperiments/BuboLoopObserverEffect/bubo_runs22_BuboNoNested/logs/LoopBenchmarks_BuboOn.log,185108147824,56,"java.util.HashMap.putVal(int,",0:-1,0,10208
bubo_runs22_BuboNoNested,NoNested,LoopBenchmarks,/home/hb478/repos/BuboExperiments/BuboLoopObserverEffect/bubo_runs22_BuboNoNested/logs/LoopBenchmarks_BuboOn.log,185108147824,57,java.lang.String.equals(Object),0:-1,0,9488
bubo_runs22_BuboNoNested,NoNested,LoopBenchmarks,/home/hb478/repos/BuboExperiments/BuboLoopObserverEffect/bubo_runs22_BuboNoNested/logs/LoopBenchmarks_BuboOn.log,185108147824,73,java.util.HashMap.resize(),"2:-1,0:-1,1:0",0,23262
bubo_runs22_BuboNoNested,NoNested,LoopBenchmarks,/home/hb478/repos/BuboExperiments/BuboLoopObserverEffect/bubo_runs22_BuboNoNested/logs/LoopBenchmarks_BuboOn.log,185108147824,73,java.util.HashMap.resize(),"2:-1,0:-1,1:0",2,16678
bubo_runs22_BuboNoNested,NoNested,LoopBenchmarks,/home/hb478/repos/BuboExperiments/BuboLoopObserverEffect/bubo_runs22_BuboNoNested/logs/LoopBenchmarks_BuboOn.log,185108147824,88,java.util.Properties$LineReader.readLine(),"5:-1,3:-1,4:3,0:-1,1:0,2:1",5,208
bubo_runs22_BuboNoNested,NoNested,LoopBenchmarks,/home/hb478/repos/BuboExperiments/BuboLoopObserverEffect/bubo_runs22_BuboNoNested/logs/LoopBenchmarks_BuboOn.log,185108147824,89,java.util.Properties$LineReader.readLine()-Re-Comp,"0:-1,1:0,2:1",0,383506
bubo_runs22_BuboNoNested,NoNested,LoopBenchmarks,/home/hb478/repos/BuboExperiments/BuboLoopObserverEffect/bubo_runs22_BuboNoNested/logs/LoopBenchmarks_BuboOn.log,185108147824,92,"jdk.internal.util.ArraysSupport.unsignedHashCode(int,","0:-1,1:-1,2:-1",0,113372
bubo_runs22_BuboNoNested,NoNested,LoopBenchmarks,/home/hb478/repos/BuboExperiments/BuboLoopObserverEffect/bubo_runs22_BuboNoNested/logs/LoopBenchmarks_BuboOn.log,185108147824,92,"jdk.internal.util.ArraysSupport.unsignedHashCode(int,","0:-1,1:-1,2:-1",1,160396
bubo_runs22_BuboNoNested,NoNested,LoopBenchmarks,/home/hb478/repos/BuboExperiments/BuboLoopObserverEffect/bubo_runs22_BuboNoNested/logs/LoopBenchmarks_BuboOn.log,185108147824,92,"jdk.internal.util.ArraysSupport.unsignedHashCode(int,","0:-1,1:-1,2:-1",2,189000
bubo_runs22_BuboNoNested,NoNested,LoopBenchmarks,/home/hb478/repos/BuboExperiments/BuboLoopObserverEffect/bubo_runs22_BuboNoNested/logs/LoopBenchmarks_BuboOn.log,185108147824,122,LoopBenchmarks.fibonacciLoop(int),"0:-1,1:-1,2:-1",0,110
bubo_runs22_BuboNoNested,NoNested,LoopBenchmarks,/home/hb478/repos/BuboExperiments/BuboLoopObserverEffect/bubo_runs22_BuboNoNested/logs/LoopBenchmarks_BuboOn.log,185108147824,122,LoopBenchmarks.fibonacciLoop(int),"0:-1,1:-1,2:-1",1,9658
bubo_runs22_BuboNoNested,NoNested,LoopBenchmarks,/home/hb478/repos/BuboExperiments/BuboLoopObserverEffect/bubo_runs22_BuboNoNested/logs/LoopBenchmarks_BuboOn.log,185108147824,122,LoopBenchmarks.fibonacciLoop(int),"0:-1,1:-1,2:-1",2,144
bubo_runs22_BuboNoNested,NoNested,LoopBenchmarks,/home/hb478/repos/BuboExperiments/BuboLoopObserverEffect/bubo_runs22_BuboNoNested/logs/LoopBenchmarks_BuboOn.log,185108147824,123,LoopBenchmarks.fibonacciLoop(int)-Re-Comp,"0:-1,1:-1,2:-1",0,1326116
bubo_runs22_BuboNoNested,NoNested,LoopBenchmarks,/home/hb478/repos/BuboExperiments/BuboLoopObserverEffect/bubo_runs22_BuboNoNested/logs/LoopBenchmarks_BuboOn.log,185108147824,123,LoopBenchmarks.fibonacciLoop(int)-Re-Comp,"0:-1,1:-1,2:-1",1,207158334
bubo_runs22_BuboNoNested,NoNested,LoopBenchmarks,/home/hb478/repos/BuboExperiments/BuboLoopObserverEffect/bubo_runs22_BuboNoNested/logs/LoopBenchmarks_BuboOn.log,185108147824,123,LoopBenchmarks.fibonacciLoop(int)-Re-Comp,"0:-1,1:-1,2:-1",2,1756732
bubo_runs22_BuboNoNested,NoNested,LoopBenchmarks,/home/hb478/repos/BuboExperiments/BuboLoopObserverEffect/bubo_runs22_BuboNoNested/logs/LoopBenchmarks_BuboOn.log,185108147824,124,LoopBenchmarks.main(String[]),"1:-1,3:-1,4:-1,0:-1,2:0,5:0,6:0",0,14286354518
bubo_runs22_BuboNoNested,NoNested,LoopBenchmarks,/home/hb478/repos/BuboExperiments/BuboLoopObserverEffect/bubo_runs22_BuboNoNested/logs/LoopBenchmarks_BuboOn.log,185108147824,124,LoopBenchmarks.main(String[]),"1:-1,3:-1,4:-1,0:-1,2:0,5:0,6:0",1,102
bubo_runs22_BuboNoNested,NoNested,LoopBenchmarks,/home/hb478/repos/BuboExperiments/BuboLoopObserverEffect/bubo_runs22_BuboNoNested/logs/LoopBenchmarks_BuboOn.log,185108147824,124,LoopBenchmarks.main(String[]),"1:-1,3:-1,4:-1,0:-1,2:0,5:0,6:0",3,10126
bubo_runs22_BuboNoNested,NoNested,LoopBenchmarks,/home/hb478/repos/BuboExperiments/BuboLoopObserverEffect/bubo_runs22_BuboNoNested/logs/LoopBenchmarks_BuboOn.log,185108147824,124,LoopBenchmarks.main(String[]),"1:-1,3:-1,4:-1,0:-1,2:0,5:0,6:0",4,144
bubo_runs22_BuboNoNested,NoNested,LoopBenchmarks,/home/hb478/repos/BuboExperiments/BuboLoopObserverEffect/bubo_runs22_BuboNoNested/logs/LoopBenchmarks_BuboOn.log,185108147824,127,"java.lang.StringLatin1.equals(byte[],",0:-1,0,21248
bubo_runs22_BuboNoNested,NoNested,LoopBenchmarks,/home/hb478/repos/BuboExperiments/BuboLoopObserverEffect/bubo_runs22_BuboNoNested/logs/LoopBenchmarks_BuboOn.log,185108147824,137,"java.util.regex.Pattern$BmpCharPropertyGreedy.match(Matcher,",0:-1,0,9258
bubo_runs22_BuboNoNested,NoNested,LoopBenchmarks,/home/hb478/repos/BuboExperiments/BuboLoopObserverEffect/bubo_runs22_BuboNoNested/logs/LoopBenchmarks_BuboOn.log,185108147824,142,"LoopBenchmarks.mandelbrotLoop(double,",0:-1,0,2741814
bubo_runs22_BuboNoNested,NoNested,LoopBenchmarks,/home/hb478/repos/BuboExperiments/BuboLoopObserverEffect/bubo_runs22_BuboNoNested/logs/LoopBenchmarks_BuboOn.log,185108147824,143,LoopBenchmarks.main(String[])-Re-Comp,"3:-1,2:-1,4:2,0:-1,1:0,5:1",0,1444132
bubo_runs22_BuboNoNested,NoNested,LoopBenchmarks,/home/hb478/repos/BuboExperiments/BuboLoopObserverEffect/bubo_runs22_BuboNoNested/logs/LoopBenchmarks_BuboOn.log,185108147824,143,LoopBenchmarks.main(String[])-Re-Comp,"3:-1,2:-1,4:2,0:-1,1:0,5:1",2,12500
bubo_runs22_BuboNoNested,NoNested,LoopBenchmarks,/home/hb478/repos/BuboExperiments/BuboLoopObserverEffect/bubo_runs22_BuboNoNested/logs/LoopBenchmarks_BuboOn.log,185108147824,143,LoopBenchmarks.main(String[])-Re-Comp,"3:-1,2:-1,4:2,0:-1,1:0,5:1",3,132
bubo_runs22_BuboNoNested,NoNested,LoopBenchmarks,/home/hb478/repos/BuboExperiments/BuboLoopObserverEffect/bubo_runs22_BuboNoNested/logs/LoopBenchmarks_BuboOn.log,185108147824,145,LoopBenchmarks.main(String[])-Re-Comp,"3:-1,2:-1,4:2,0:-1,1:0,5:1",0,91279364
bubo_runs22_BuboNoNested,NoNested,LoopBenchmarks,/home/hb478/repos/BuboExperiments/BuboLoopObserverEffect/bubo_runs22_BuboNoNested/logs/LoopBenchmarks_BuboOn.log,185108147824,145,LoopBenchmarks.main(String[])-Re-Comp,"3:-1,2:-1,4:2,0:-1,1:0,5:1",2,9766
bubo_runs22_BuboNoNested,NoNested,LoopBenchmarks,/home/hb478/repos/BuboExperiments/BuboLoopObserverEffect/bubo_runs22_BuboNoNested/logs/LoopBenchmarks_BuboOn.log,185108147824,145,LoopBenchmarks.main(String[])-Re-Comp,"3:-1,2:-1,4:2,0:-1,1:0,5:1",3,124
bubo_runs22_BuboNoNested,NoNested,LoopBenchmarks,/home/hb478/repos/BuboExperiments/BuboLoopObserverEffect/bubo_runs22_BuboNoNested/logs/LoopBenchmarks_BuboOn.log,185108147824,146,LoopBenchmarks.main(String[])-Re-Comp,"6:-1,5:-1,7:5,3:-1,4:3,8:4,0:-1,1:0,2:1,9:2",0,6742553514
bubo_runs22_BuboNoNested,NoNested,LoopBenchmarks,/home/hb478/repos/BuboExperiments/BuboLoopObserverEffect/bubo_runs22_BuboNoNested/logs/LoopBenchmarks_BuboOn.log,185108147824,146,LoopBenchmarks.main(String[])-Re-Comp,"6:-1,5:-1,7:5,3:-1,4:3,8:4,0:-1,1:0,2:1,9:2",3,90132824
bubo_runs22_BuboNoNested,NoNested,LoopBenchmarks,/home/hb478/repos/BuboExperiments/BuboLoopObserverEffect/bubo_runs22_BuboNoNested/logs/LoopBenchmarks_BuboOn.log,185108147824,146,LoopBenchmarks.main(String[])-Re-Comp,"6:-1,5:-1,7:5,3:-1,4:3,8:4,0:-1,1:0,2:1,9:2",5,48628
bubo_runs22_BuboNoNested,NoNested,LoopBenchmarks,/home/hb478/repos/BuboExperiments/BuboLoopObserverEffect/bubo_runs22_BuboNoNested/logs/LoopBenchmarks_BuboOn.log,185108147824,146,LoopBenchmarks.main(String[])-Re-Comp,"6:-1,5:-1,7:5,3:-1,4:3,8:4,0:-1,1:0,2:1,9:2",6,148
bubo_runs22_BuboNoNested,NoNested,LoopBenchmarks,/home/hb478/repos/BuboExperiments/BuboLoopObserverEffect/bubo_runs22_BuboNoNested/logs/LoopBenchmarks_BuboOn.log,185108147824,148,LoopBenchmarks.main(String[])-Re-Comp,0:-1,0,5132650
bubo_runs22_BuboNoNested,NoNested,LoopBenchmarks,/home/hb478/repos/BuboExperiments/BuboLoopObserverEffect/bubo_runs22_BuboNoNested/logs/LoopBenchmarks_BuboOn.log,185108147824,149,LoopBenchmarks.parseJsonLoop(char[]),0:-1,0,2335332
bubo_runs22_BuboNoNested,NoNested,LoopBenchmarks,/home/hb478/repos/BuboExperiments/BuboLoopObserverEffect/bubo_runs22_BuboNoNested/logs/LoopBenchmarks_BuboOn.log,185108147824,150,LoopBenchmarks.parseJsonLoop(char[])-Re-Comp,0:-1,0,13043293290
bubo_runs22_BuboNoNested,NoNested,LoopBenchmarks,/home/hb478/repos/BuboExperiments/BuboLoopObserverEffect/bubo_runs22_BuboNoNested/logs/LoopBenchmarks_BuboOn.log,185108147824,151,LoopBenchmarks.main(String[])-Re-Comp,"2:-1,3:-1,4:-1,0:-1,1:0",0,29388
bubo_runs22_BuboNoNested,NoNested,LoopBenchmarks,/home/hb478/repos/BuboExperiments/BuboLoopObserverEffect/bubo_runs22_BuboNoNested/logs/LoopBenchmarks_BuboOn.log,185108147824,151,LoopBenchmarks.main(String[])-Re-Comp,"2:-1,3:-1,4:-1,0:-1,1:0",2,76
bubo_runs22_BuboNoNested,NoNested,LoopBenchmarks,/home/hb478/repos/BuboExperiments/BuboLoopObserverEffect/bubo_runs22_BuboNoNested/logs/LoopBenchmarks_BuboOn.log,185108147824,151,LoopBenchmarks.main(String[])-Re-Comp,"2:-1,3:-1,4:-1,0:-1,1:0",3,118
bubo_runs22_BuboNoNested,NoNested,LoopBenchmarks,/home/hb478/repos/BuboExperiments/BuboLoopObserverEffect/bubo_runs22_BuboNoNested/logs/LoopBenchmarks_BuboOn.log,185108147824,151,LoopBenchmarks.main(String[])-Re-Comp,"2:-1,3:-1,4:-1,0:-1,1:0",4,122
bubo_runs22_BuboNoNested,NoNested,LoopBenchmarks,/home/hb478/repos/BuboExperiments/BuboLoopObserverEffect/bubo_runs22_BuboNoNested/logs/LoopBenchmarks_BuboOn.log,185108147824,152,"LoopBenchmarks.matrixMultiplyLoop(double[][],","5:-1,3:-1,4:3,0:-1,1:0,2:1",0,7341152
bubo_runs22_BuboNoNested,NoNested,LoopBenchmarks,/home/hb478/repos/BuboExperiments/BuboLoopObserverEffect/bubo_runs22_BuboNoNested/logs/LoopBenchmarks_BuboOn.log,185108147824,152,"LoopBenchmarks.matrixMultiplyLoop(double[][],","5:-1,3:-1,4:3,0:-1,1:0,2:1",3,78462
bubo_runs22_BuboNoNested,NoNested,LoopBenchmarks,/home/hb478/repos/BuboExperiments/BuboLoopObserverEffect/bubo_runs22_BuboNoNested/logs/LoopBenchmarks_BuboOn.log,185108147824,152,"LoopBenchmarks.matrixMultiplyLoop(double[][],","5:-1,3:-1,4:3,0:-1,1:0,2:1",5,1908
bubo_runs22_BuboNoNested,NoNested,LoopBenchmarks,/home/hb478/repos/BuboExperiments/BuboLoopObserverEffect/bubo_runs22_BuboNoNested/logs/LoopBenchmarks_BuboOn.log,185108147824,153,"LoopBenchmarks.matrixMultiplyLoop(double[][],-Re-Comp","0:-1,1:0,2:1",0,9902284532
bubo_runs22_BuboNoNested,NoNested,LoopBenchmarks,/home/hb478/repos/BuboExperiments/BuboLoopObserverEffect/bubo_runs22_BuboNoNested/logs/LoopBenchmarks_BuboOn.log,185108147824,155,"LoopBenchmarks.sieveLoop(boolean[],","0:-1,1:-1,2:-1",0,134
bubo_runs22_BuboNoNested,NoNested,LoopBenchmarks,/home/hb478/repos/BuboExperiments/BuboLoopObserverEffect/bubo_runs22_BuboNoNested/logs/LoopBenchmarks_BuboOn.log,185108147824,156,"LoopBenchmarks.sieveLoop(boolean[],-Re-Comp","0:-1,4:-1,5:-1,1:-1,2:1,3:-1",0,27140
bubo_runs22_BuboNoNested,NoNested,LoopBenchmarks,/home/hb478/repos/BuboExperiments/BuboLoopObserverEffect/bubo_runs22_BuboNoNested/logs/LoopBenchmarks_BuboOn.log,185108147824,156,"LoopBenchmarks.sieveLoop(boolean[],-Re-Comp","0:-1,4:-1,5:-1,1:-1,2:1,3:-1",1,6158908672
bubo_runs22_BuboNoNested,NoNested,LoopBenchmarks,/home/hb478/repos/BuboExperiments/BuboLoopObserverEffect/bubo_runs22_BuboNoNested/logs/LoopBenchmarks_BuboOn.log,185108147824,156,"LoopBenchmarks.sieveLoop(boolean[],-Re-Comp","0:-1,4:-1,5:-1,1:-1,2:1,3:-1",3,3684099674
bubo_runs22_BuboNoNested,NoNested,LoopBenchmarks,/home/hb478/repos/BuboExperiments/BuboLoopObserverEffect/bubo_runs22_BuboNoNested/logs/LoopBenchmarks_BuboOn.log,185108147824,156,"LoopBenchmarks.sieveLoop(boolean[],-Re-Comp","0:-1,4:-1,5:-1,1:-1,2:1,3:-1",4,986012460
bubo_runs22_BuboNoNested,NoNested,LoopBenchmarks,/home/hb478/repos/BuboExperiments/BuboLoopObserverEffect/bubo_runs22_BuboNoNested/logs/LoopBenchmarks_BuboOn.log,185108147824,156,"LoopBenchmarks.sieveLoop(boolean[],-Re-Comp","0:-1,4:-1,5:-1,1:-1,2:1,3:-1",5,38528
bubo_runs22_BuboNoNested,NoNested,LoopBenchmarks,/home/hb478/repos/BuboExperiments/BuboLoopObserverEffect/bubo_runs22_BuboNoNested/logs/LoopBenchmarks_BuboOn.log,185108147824,157,"LoopBenchmarks.sieveLoop(boolean[],-Re-Comp",0:-1,0,2365878
bubo_runs22_BuboNoNested,NoNested,LoopBenchmarks,/home/hb478/repos/BuboExperiments/BuboLoopObserverEffect/bubo_runs22_BuboNoNested/logs/LoopBenchmarks_BuboOn.log,185108147824,158,"LoopBenchmarks.sieveLoop(boolean[],-Re-Comp","1:-1,0:-1,2:0",0,106
bubo_runs22_BuboNoNested,NoNested,LoopBenchmarks,/home/hb478/repos/BuboExperiments/BuboLoopObserverEffect/bubo_runs22_BuboNoNested/logs/LoopBenchmarks_BuboOn.log,185108147824,158,"LoopBenchmarks.sieveLoop(boolean[],-Re-Comp","1:-1,0:-1,2:0",1,1270634
bubo_runs22_BuboNoNested,NoNested,LoopBenchmarks,/home/hb478/repos/BuboExperiments/BuboLoopObserverEffect/bubo_runs22_BuboNoNested/logs/LoopBenchmarks_BuboOn.log,185108147824,159,"LoopBenchmarks.sieveLoop(boolean[],-Re-Comp","1:-1,0:-1,2:0",0,8456396
bubo_runs22_BuboNoNested,NoNested,LoopBenchmarks,/home/hb478/repos/BuboExperiments/BuboLoopObserverEffect/bubo_runs22_BuboNoNested/logs/LoopBenchmarks_BuboOn.log,185108147824,159,"LoopBenchmarks.sieveLoop(boolean[],-Re-Comp","1:-1,0:-1,2:0",1,691234
bubo_runs22_BuboNoNested,NoNested,LoopBenchmarks,/home/hb478/repos/BuboExperiments/BuboLoopObserverEffect/bubo_runs22_BuboNoNested/logs/LoopBenchmarks_BuboOn.log,185108147824,160,"LoopBenchmarks.sieveLoop(boolean[],-Re-Comp",0:-1,0,6871224
bubo_runs22_BuboNoNested,NoNested,LoopBenchmarks,/home/hb478/repos/BuboExperiments/BuboLoopObserverEffect/bubo_runs22_BuboNoNested/logs/LoopBenchmarks_BuboOn.log,185108147824,161,LoopBenchmarks.main(String[])-Re-Comp,"0:-1,1:-1,2:-1",0,80
bubo_runs22_BuboNoNested,NoNested,LoopBenchmarks,/home/hb478/repos/BuboExperiments/BuboLoopObserverEffect/bubo_runs22_BuboNoNested/logs/LoopBenchmarks_BuboOn.log,185108147824,162,"LoopBenchmarks.histogramLoop(int[],",0:-1,0,1074320
bubo_runs22_BuboNoNested,NoNested,LoopBenchmarks,/home/hb478/repos/BuboExperiments/BuboLoopObserverEffect/bubo_runs22_BuboNoNested/logs/LoopBenchmarks_BuboOn.log,185108147824,163,"LoopBenchmarks.histogramLoop(int[],-Re-Comp","0:-1,1:-1",0,190510
bubo_runs22_BuboNoNested,NoNested,LoopBenchmarks,/home/hb478/repos/BuboExperiments/BuboLoopObserverEffect/bubo_runs22_BuboNoNested/logs/LoopBenchmarks_BuboOn.log,185108147824,163,"LoopBenchmarks.histogramLoop(int[],-Re-Comp","0:-1,1:-1",1,8811385786
bubo_runs22_BuboNoNested,NoNested,LoopBenchmarks,/home/hb478/repos/BuboExperiments/BuboLoopObserverEffect/bubo_runs22_BuboNoNested/logs/LoopBenchmarks_BuboOn.log,185108147824,164,"LoopBenchmarks.histogramLoop(int[],-Re-Comp",0:-1,0,42442640
bubo_runs22_BuboNoNested,NoNested,LoopBenchmarks,/home/hb478/repos/BuboExperiments/BuboLoopObserverEffect/bubo_runs22_BuboNoNested/logs/LoopBenchmarks_BuboOn.log,185108147824,165,LoopBenchmarks.main(String[])-Re-Comp,"0:-1,1:-1,2:-1",0,74
bubo_runs22_BuboNoNested,NoNested,LoopBenchmarks,/home/hb478/repos/BuboExperiments/BuboLoopObserverEffect/bubo_runs22_BuboNoNested/logs/LoopBenchmarks_BuboOn.log,185108147824,166,LoopBenchmarks.crc32Loop(byte[]),"1:-1,0:-1",0,30403252
bubo_runs22_BuboNoNested,NoNested,LoopBenchmarks,/home/hb478/repos/BuboExperiments/BuboLoopObserverEffect/bubo_runs22_BuboNoNested/logs/LoopBenchmarks_BuboOn.log,185108147824,166,LoopBenchmarks.crc32Loop(byte[]),"1:-1,0:-1",1,148
bubo_runs22_BuboNoNested,NoNested,LoopBenchmarks,/home/hb478/repos/BuboExperiments/BuboLoopObserverEffect/bubo_runs22_BuboNoNested/logs/LoopBenchmarks_BuboOn.log,185108147824,167,LoopBenchmarks.crc32Loop(byte[])-Re-Comp,0:-1,0,31457577342
bubo_runs22_BuboNoNested,NoNested,LoopBenchmarks,/home/hb478/repos/BuboExperiments/BuboLoopObserverEffect/bubo_runs22_BuboNoNested/logs/LoopBenchmarks_BuboOn.log,185108147824,168,"LoopBenchmarks.polynomialLoop(double[],","0:-1,1:-1,2:-1",0,68
bubo_runs22_BuboNoNested,NoNested,LoopBenchmarks,/home/hb478/repos/BuboExperiments/BuboLoopObserverEffect/bubo_runs22_BuboNoNested/logs/LoopBenchmarks_BuboOn.log,185108147824,168,"LoopBenchmarks.polynomialLoop(double[],","0:-1,1:-1,2:-1",1,13928
bubo_runs22_BuboNoNested,NoNested,LoopBenchmarks,/home/hb478/repos/BuboExperiments/BuboLoopObserverEffect/bubo_runs22_BuboNoNested/logs/LoopBenchmarks_BuboOn.log,185108147824,168,"LoopBenchmarks.polynomialLoop(double[],","0:-1,1:-1,2:-1",2,222
bubo_runs22_BuboNoNested,NoNested,LoopBenchmarks,/home/hb478/repos/BuboExperiments/BuboLoopObserverEffect/bubo_runs22_BuboNoNested/logs/LoopBenchmarks_BuboOn.log,185108147824,169,"LoopBenchmarks.polynomialLoop(double[],-Re-Comp","0:-1,1:-1,2:-1",0,774336
bubo_runs22_BuboNoNested,NoNested,LoopBenchmarks,/home/hb478/repos/BuboExperiments/BuboLoopObserverEffect/bubo_runs22_BuboNoNested/logs/LoopBenchmarks_BuboOn.log,185108147824,169,"LoopBenchmarks.polynomialLoop(double[],-Re-Comp","0:-1,1:-1,2:-1",1,169008946
bubo_runs22_BuboNoNested,NoNested,LoopBenchmarks,/home/hb478/repos/BuboExperiments/BuboLoopObserverEffect/bubo_runs22_BuboNoNested/logs/LoopBenchmarks_BuboOn.log,185108147824,169,"LoopBenchmarks.polynomialLoop(double[],-Re-Comp","0:-1,1:-1,2:-1",2,669638
bubo_runs22_BuboNoNested,NoNested,LoopBenchmarks,/home/hb478/repos/BuboExperiments/BuboLoopObserverEffect/bubo_runs22_BuboNoNested/logs/LoopBenchmarks_BuboOn.log,185108147824,170,LoopBenchmarks.main(String[])-Re-Comp,"1:-1,3:-1,4:-1,0:-1,2:0",0,9559517548
bubo_runs22_BuboNoNested,NoNested,LoopBenchmarks,/home/hb478/repos/BuboExperiments/BuboLoopObserverEffect/bubo_runs22_BuboNoNested/logs/LoopBenchmarks_BuboOn.log,185108147824,170,LoopBenchmarks.main(String[])-Re-Comp,"1:-1,3:-1,4:-1,0:-1,2:0",1,136
bubo_runs22_BuboNoNested,NoNested,LoopBenchmarks,/home/hb478/repos/BuboExperiments/BuboLoopObserverEffect/bubo_runs22_BuboNoNested/logs/LoopBenchmarks_BuboOn.log,185108147824,170,LoopBenchmarks.main(String[])-Re-Comp,"1:-1,3:-1,4:-1,0:-1,2:0",3,15966
bubo_runs22_BuboNoNested,NoNested,LoopBenchmarks,/home/hb478/repos/BuboExperiments/BuboLoopObserverEffect/bubo_runs22_BuboNoNested/logs/LoopBenchmarks_BuboOn.log,185108147824,170,LoopBenchmarks.main(String[])-Re-Comp,"1:-1,3:-1,4:-1,0:-1,2:0",4,82
bubo_runs22_BuboNoNested,NoNested,LoopBenchmarks,/home/hb478/repos/BuboExperiments/BuboLoopObserverEffect/bubo_runs22_BuboNoNested/logs/LoopBenchmarks_BuboOn.log,185108147824,172,"LoopBenchmarks.editDistanceLoop(char[],","2:-1,0:-1,1:0",0,8382
bubo_runs22_BuboNoNested,NoNested,LoopBenchmarks,/home/hb478/repos/BuboExperiments/BuboLoopObserverEffect/bubo_runs22_BuboNoNested/logs/LoopBenchmarks_BuboOn.log,185108147824,172,"LoopBenchmarks.editDistanceLoop(char[],","2:-1,0:-1,1:0",2,376
bubo_runs22_BuboNoNested,NoNested,LoopBenchmarks,/home/hb478/repos/BuboExperiments/BuboLoopObserverEffect/bubo_runs22_BuboNoNested/logs/LoopBenchmarks_BuboOn.log,185108147824,173,"LoopBenchmarks.editDistanceLoop(char[],-Re-Comp","5:-1,6:-1,0:-1,3:-1,4:-1,1:-1,2:1",0,139843862
bubo_runs22_BuboNoNested,NoNested,LoopBenchmarks,/home/hb478/repos/BuboExperiments/BuboLoopObserverEffect/bubo_runs22_BuboNoNested/logs/LoopBenchmarks_BuboOn.log,185108147824,173,"LoopBenchmarks.editDistanceLoop(char[],-Re-Comp","5:-1,6:-1,0:-1,3:-1,4:-1,1:-1,2:1",1,20535925826
bubo_runs22_BuboNoNested,NoNested,LoopBenchmarks,/home/hb478/repos/BuboExperiments/BuboLoopObserverEffect/bubo_runs22_BuboNoNested/logs/LoopBenchmarks_BuboOn.log,185108147824,173,"LoopBenchmarks.editDistanceLoop(char[],-Re-Comp","5:-1,6:-1,0:-1,3:-1,4:-1,1:-1,2:1",3,180869902
bubo_runs22_BuboNoNested,NoNested,LoopBenchmarks,/home/hb478/repos/BuboExperiments/BuboLoopObserverEffect/bubo_runs22_BuboNoNested/logs/LoopBenchmarks_BuboOn.log,185108147824,173,"LoopBenchmarks.editDistanceLoop(char[],-Re-Comp","5:-1,6:-1,0:-1,3:-1,4:-1,1:-1,2:1",4,186205324
bubo_runs22_BuboNoNested,NoNested,LoopBenchmarks,/home/hb478/repos/BuboExperiments/BuboLoopObserverEffect/bubo_runs22_BuboNoNested/logs/LoopBenchmarks_BuboOn.log,185108147824,173,"LoopBenchmarks.editDistanceLoop(char[],-Re-Comp","5:-1,6:-1,0:-1,3:-1,4:-1,1:-1,2:1",5,191117784
bubo_runs22_BuboNoNested,NoNested,LoopBenchmarks,/home/hb478/repos/BuboExperiments/BuboLoopObserverEffect/bubo_runs22_BuboNoNested/logs/LoopBenchmarks_BuboOn.log,185108147824,173,"LoopBenchmarks.editDistanceLoop(char[],-Re-Comp","5:-1,6:-1,0:-1,3:-1,4:-1,1:-1,2:1",6,188435138
bubo_runs22_BuboNoNested,NoNested,LoopBenchmarks,/home/hb478/repos/BuboExperiments/BuboLoopObserverEffect/bubo_runs22_BuboNoNested/logs/LoopBenchmarks_BuboOn.log,185108147824,174,LoopBenchmarks.main(String[])-Re-Comp,0:-1,0,22499541754
bubo_runs22_BuboNoNested,NoNested,LoopBenchmarks,/home/hb478/repos/BuboExperiments/BuboLoopObserverEffect/bubo_runs22_BuboNoNested/logs/LoopBenchmarks_BuboOn.log,185108147824,175,"LoopBenchmarks.monteCarloPiLoop(long,",0:-1,0,196708118
bubo_runs22_BuboNoNested,NoNested,LoopBenchmarks,/home/hb478/repos/BuboExperiments/BuboLoopObserverEffect/bubo_runs22_BuboNoNested/logs/LoopBenchmarks_BuboOn.log,185108147824,176,"LoopBenchmarks.monteCarloPiLoop(long,-Re-Comp",0:-1,0,15753207996
bubo_runs22_BuboNoNested,NoNested,LoopBenchmarks,/home/hb478/repos/BuboExperiments/BuboLoopObserverEffect/bubo_runs22_BuboNoNested/logs/LoopBenchmarks_BuboOn.log,185108147824,177,LoopBenchmarks.bubbleSortLoop(int[]),"2:-1,0:-1,1:0",0,42505068
bubo_runs22_BuboNoNested,NoNested,LoopBenchmarks,/home/hb478/repos/BuboExperiments/BuboLoopObserverEffect/bubo_runs22_BuboNoNested/logs/LoopBenchmarks_BuboOn.log,185108147824,177,LoopBenchmarks.bubbleSortLoop(int[]),"2:-1,0:-1,1:0",2,7302
bubo_runs22_BuboNoNested,NoNested,LoopBenchmarks,/home/hb478/repos/BuboExperiments/BuboLoopObserverEffect/bubo_runs22_BuboNoNested/logs/LoopBenchmarks_BuboOn.log,185108147824,178,LoopBenchmarks.bubbleSortLoop(int[])-Re-Comp,"0:-1,1:0",0,17507151956
bubo_runs22_BuboNoNested,NoNested,LoopBenchmarks,/home/hb478/repos/BuboExperiments/BuboLoopObserverEffect/bubo_runs22_BuboNoNested/logs/LoopBenchmarks_BuboOn.log,185108147824,179,LoopBenchmarks.main(String[])-Re-Comp,"2:-1,5:-1,6:-1,3:-1,4:3,0:-1,1:0",0,17419675862
bubo_runs22_BuboNoNested,NoNested,LoopBenchmarks,/home/hb478/repos/BuboExperiments/BuboLoopObserverEffect/bubo_runs22_BuboNoNested/logs/LoopBenchmarks_BuboOn.log,185108147824,179,LoopBenchmarks.main(String[])-Re-Comp,"2:-1,5:-1,6:-1,3:-1,4:3,0:-1,1:0",2,76
bubo_runs22_BuboNoNested,NoNested,LoopBenchmarks,/home/hb478/repos/BuboExperiments/BuboLoopObserverEffect/bubo_runs22_BuboNoNested/logs/LoopBenchmarks_BuboOn.log,185108147824,179,LoopBenchmarks.main(String[])-Re-Comp,"2:-1,5:-1,6:-1,3:-1,4:3,0:-1,1:0",3,45411000
bubo_runs22_BuboNoNested,NoNested,LoopBenchmarks,/home/hb478/repos/BuboExperiments/BuboLoopObserverEffect/bubo_runs22_BuboNoNested/logs/LoopBenchmarks_BuboOn.log,185108147824,179,LoopBenchmarks.main(String[])-Re-Comp,"2:-1,5:-1,6:-1,3:-1,4:3,0:-1,1:0",5,2712
bubo_runs22_BuboNoNested,NoNested,LoopBenchmarks,/home/hb478/repos/BuboExperiments/BuboLoopObserverEffect/bubo_runs22_BuboNoNested/logs/LoopBenchmarks_BuboOn.log,185108147824,179,LoopBenchmarks.main(String[])-Re-Comp,"2:-1,5:-1,6:-1,3:-1,4:3,0:-1,1:0",6,156
bubo_runs22_BuboNoNested,NoNested,LoopBenchmarks,/home/hb478/repos/BuboExperiments/BuboLoopObserverEffect/bubo_runs22_BuboNoNested/logs/LoopBenchmarks_BuboOn.log,185108147824,180,LoopBenchmarks.main(String[])-Re-Comp,"2:-1,3:-1,4:-1,0:-1,1:0",0,3186192
bubo_runs22_BuboNoNested,NoNested,LoopBenchmarks,/home/hb478/repos/BuboExperiments/BuboLoopObserverEffect/bubo_runs22_BuboNoNested/logs/LoopBenchmarks_BuboOn.log,185108147824,180,LoopBenchmarks.main(String[])-Re-Comp,"2:-1,3:-1,4:-1,0:-1,1:0",2,74
bubo_runs22_BuboNoNested,NoNested,LoopBenchmarks,/home/hb478/repos/BuboExperiments/BuboLoopObserverEffect/bubo_runs22_BuboNoNested/logs/LoopBenchmarks_BuboOn.log,185108147824,180,LoopBenchmarks.main(String[])-Re-Comp,"2:-1,3:-1,4:-1,0:-1,1:0",3,254
bubo_runs22_BuboNoNested,NoNested,LoopBenchmarks,/home/hb478/repos/BuboExperiments/BuboLoopObserverEffect/bubo_runs22_BuboNoNested/logs/LoopBenchmarks_BuboOn.log,185108147824,180,LoopBenchmarks.main(String[])-Re-Comp,"2:-1,3:-1,4:-1,0:-1,1:0",4,152
bubo_runs22_BuboNoNested,NoNested,LoopBenchmarks,/home/hb478/repos/BuboExperiments/BuboLoopObserverEffect/bubo_runs22_BuboNoNested/logs/LoopBenchmarks_BuboOn.log,185108147824,181,"LoopBenchmarks.blurLoop(int[][],","3:-1,2:-1,4:-1,5:-1,0:-1,1:0",0,12392944
bubo_runs22_BuboNoNested,NoNested,LoopBenchmarks,/home/hb478/repos/BuboExperiments/BuboLoopObserverEffect/bubo_runs22_BuboNoNested/logs/LoopBenchmarks_BuboOn.log,185108147824,181,"LoopBenchmarks.blurLoop(int[][],","3:-1,2:-1,4:-1,5:-1,0:-1,1:0",2,104
bubo_runs22_BuboNoNested,NoNested,LoopBenchmarks,/home/hb478/repos/BuboExperiments/BuboLoopObserverEffect/bubo_runs22_BuboNoNested/logs/LoopBenchmarks_BuboOn.log,185108147824,181,"LoopBenchmarks.blurLoop(int[][],","3:-1,2:-1,4:-1,5:-1,0:-1,1:0",3,52
bubo_runs22_BuboNoNested,NoNested,LoopBenchmarks,/home/hb478/repos/BuboExperiments/BuboLoopObserverEffect/bubo_runs22_BuboNoNested/logs/LoopBenchmarks_BuboOn.log,185108147824,181,"LoopBenchmarks.blurLoop(int[][],","3:-1,2:-1,4:-1,5:-1,0:-1,1:0",4,2126
bubo_runs22_BuboNoNested,NoNested,LoopBenchmarks,/home/hb478/repos/BuboExperiments/BuboLoopObserverEffect/bubo_runs22_BuboNoNested/logs/LoopBenchmarks_BuboOn.log,185108147824,181,"LoopBenchmarks.blurLoop(int[][],","3:-1,2:-1,4:-1,5:-1,0:-1,1:0",5,116
bubo_runs22_BuboNoNested,NoNested,LoopBenchmarks,/home/hb478/repos/BuboExperiments/BuboLoopObserverEffect/bubo_runs22_BuboNoNested/logs/LoopBenchmarks_BuboOn.log,185108147824,182,"LoopBenchmarks.blurLoop(int[][],-Re-Comp","0:-1,1:0,2:0,3:0",0,5022273182
bubo_runs22_BuboNoNested,NoNested,LoopBenchmarks,/home/hb478/repos/BuboExperiments/BuboLoopObserverEffect/bubo_runs22_BuboNoNested/logs/LoopBenchmarks_BuboOn.log,185108147824,186,LoopBenchmarks.main(String[])-Re-Comp,"0:-1,1:-1,2:-1",0,138
bubo_runs22_BuboNoNested,NoNested,LoopBenchmarks,/home/hb478/repos/BuboExperiments/BuboLoopObserverEffect/bubo_runs22_BuboNoNested/logs/LoopBenchmarks_BuboOn.log,185108147824,187,"LoopBenchmarks.base64EncodeLoop(byte[],",0:-1,0,1259200
bubo_runs22_BuboNoNested,NoNested,LoopBenchmarks,/home/hb478/repos/BuboExperiments/BuboLoopObserverEffect/bubo_runs22_BuboNoNested/logs/LoopBenchmarks_BuboOn.log,185108147824,188,"LoopBenchmarks.base64EncodeLoop(byte[],-Re-Comp","3:-1,0:-1,1:-1,2:-1",0,543738
bubo_runs22_BuboNoNested,NoNested,LoopBenchmarks,/home/hb478/repos/BuboExperiments/BuboLoopObserverEffect/bubo_runs22_BuboNoNested/logs/LoopBenchmarks_BuboOn.log,185108147824,188,"LoopBenchmarks.base64EncodeLoop(byte[],-Re-Comp","3:-1,0:-1,1:-1,2:-1",1,7582779962
bubo_runs22_BuboNoNested,NoNested,LoopBenchmarks,/home/hb478/repos/BuboExperiments/BuboLoopObserverEffect/bubo_runs22_BuboNoNested/logs/LoopBenchmarks_BuboOn.log,185108147824,188,"LoopBenchmarks.base64EncodeLoop(byte[],-Re-Comp","3:-1,0:-1,1:-1,2:-1",2,646492
bubo_runs22_BuboNoNested,NoNested,LoopBenchmarks,/home/hb478/repos/BuboExperiments/BuboLoopObserverEffect/bubo_runs22_BuboNoNested/logs/LoopBenchmarks_BuboOn.log,185108147824,188,"LoopBenchmarks.base64EncodeLoop(byte[],-Re-Comp","3:-1,0:-1,1:-1,2:-1",3,454508
bubo_runs22_BuboNoNested,NoNested,LoopBenchmarks,/home/hb478/repos/BuboExperiments/BuboLoopObserverEffect/bubo_runs22_BuboNoNested/logs/LoopBenchmarks_BuboOn.log,185108147824,189,LoopBenchmarks.main(String[])-Re-Comp,0:-1,0,2242230
bubo_runs22_BuboNoNested,NoNested,LoopBenchmarks,/home/hb478/repos/BuboExperiments/BuboLoopObserverEffect/bubo_runs22_BuboNoNested/logs/LoopBenchmarks_BuboOn.log,185108147824,190,"LoopBenchmarks.raySphereLoop(double[],",0:-1,0,1508860
bubo_runs22_BuboNoNested,NoNested,LoopBenchmarks,/home/hb478/repos/BuboExperiments/BuboLoopObserverEffect/bubo_runs22_BuboNoNested/logs/LoopBenchmarks_BuboOn.log,185108147824,191,"LoopBenchmarks.raySphereLoop(double[],-Re-Comp",0:-1,0,7737594462
bubo_runs22_BuboNoNested,NoNested,Mandelbrot,/home/hb478/repos/BuboExperiments/BuboLoopObserverEffect/bubo_runs22_BuboNoNested/logs/Mandelbrot_BuboOn.log,212793751604,52,java.util.ImmutableCollections$SetN$SetNIterator.next(),0:-1,0,386310
bubo_runs22_BuboNoNested,NoNested,Mandelbrot,/home/hb478/repos/BuboExperiments/BuboLoopObserverEffect/bubo_runs22_BuboNoNested/logs/Mandelbrot_BuboOn.log,212793751604,56,"java.util.HashMap.putVal(int,",0:-1,0,11350
bubo_runs22_BuboNoNested,NoNested,Mandelbrot,/home/hb478/repos/BuboExperiments/BuboLoopObserverEffect/bubo_runs22_BuboNoNested/logs/Mandelbrot_BuboOn.log,212793751604,57,java.lang.String.equals(Object),0:-1,0,9200
bubo_runs22_BuboNoNested,NoNested,Mandelbrot,/home/hb478/repos/BuboExperiments/BuboLoopObserverEffect/bubo_runs22_BuboNoNested/logs/Mandelbrot_BuboOn.log,212793751604,69,java.util.HashMap.resize(),"2:-1,0:-1,1:0",0,18896
bubo_runs22_BuboNoNested,NoNested,Mandelbrot,/home/hb478/repos/BuboExperiments/BuboLoopObserverEffect/bubo_runs22_BuboNoNested/logs/Mandelbrot_BuboOn.log,212793751604,69,java.util.HashMap.resize(),"2:-1,0:-1,1:0",2,16446
bubo_runs22_BuboNoNested,NoNested,Mandelbrot,/home/hb478/repos/BuboExperiments/BuboLoopObserverEffect/bubo_runs22_BuboNoNested/logs/Mandelbrot_BuboOn.log,212793751604,88,java.util.Properties$LineReader.readLine(),"5:-1,3:-1,4:3,0:-1,1:0,2:1",5,500
bubo_runs22_BuboNoNested,NoNested,Mandelbrot,/home/hb478/repos/BuboExperiments/BuboLoopObserverEffect/bubo_runs22_BuboNoNested/logs/Mandelbrot_BuboOn.log,212793751604,89,java.util.Properties$LineReader.readLine()-Re-Comp,"0:-1,1:0,2:1",0,375092
bubo_runs22_BuboNoNested,NoNested,Mandelbrot,/home/hb478/repos/BuboExperiments/BuboLoopObserverEffect/bubo_runs22_BuboNoNested/logs/Mandelbrot_BuboOn.log,212793751604,92,"jdk.internal.util.ArraysSupport.unsignedHashCode(int,","0:-1,1:-1,2:-1",0,57806
bubo_runs22_BuboNoNested,NoNested,Mandelbrot,/home/hb478/repos/BuboExperiments/BuboLoopObserverEffect/bubo_runs22_BuboNoNested/logs/Mandelbrot_BuboOn.log,212793751604,92,"jdk.internal.util.ArraysSupport.unsignedHashCode(int,","0:-1,1:-1,2:-1",1,114208
bubo_runs22_BuboNoNested,NoNested,Mandelbrot,/home/hb478/repos/BuboExperiments/BuboLoopObserverEffect/bubo_runs22_BuboNoNested/logs/Mandelbrot_BuboOn.log,212793751604,92,"jdk.internal.util.ArraysSupport.unsignedHashCode(int,","0:-1,1:-1,2:-1",2,94070
bubo_runs22_BuboNoNested,NoNested,Mandelbrot,/home/hb478/repos/BuboExperiments/BuboLoopObserverEffect/bubo_runs22_BuboNoNested/logs/Mandelbrot_BuboOn.log,212793751604,119,Mandelbrot.mandelbrot(int),"5:-1,3:-1,4:3,0:-1,1:0,2:1",0,428379152
bubo_runs22_BuboNoNested,NoNested,Mandelbrot,/home/hb478/repos/BuboExperiments/BuboLoopObserverEffect/bubo_runs22_BuboNoNested/logs/Mandelbrot_BuboOn.log,212793751604,119,Mandelbrot.mandelbrot(int),"5:-1,3:-1,4:3,0:-1,1:0,2:1",3,48866
bubo_runs22_BuboNoNested,NoNested,Mandelbrot,/home/hb478/repos/BuboExperiments/BuboLoopObserverEffect/bubo_runs22_BuboNoNested/logs/Mandelbrot_BuboOn.log,212793751604,119,Mandelbrot.mandelbrot(int),"5:-1,3:-1,4:3,0:-1,1:0,2:1",5,610
bubo_runs22_BuboNoNested,NoNested,Mandelbrot,/home/hb478/repos/BuboExperiments/BuboLoopObserverEffect/bubo_runs22_BuboNoNested/logs/Mandelbrot_BuboOn.log,212793751604,120,Mandelbrot.mandelbrot(int)-Re-Comp,"0:-1,1:0,2:1",0,211673229024
bubo_runs22_BuboNoNested,NoNested,Mandelbrot,/home/hb478/repos/BuboExperiments/BuboLoopObserverEffect/bubo_runs22_BuboNoNested/logs/Mandelbrot_BuboOn.log,212793751604,130,"java.lang.StringLatin1.equals(byte[],",0:-1,0,5736
bubo_runs22_BuboNoNested,NoNested,Mandelbrot,/home/hb478/repos/BuboExperiments/BuboLoopObserverEffect/bubo_runs22_BuboNoNested/logs/Mandelbrot_BuboOn.log,212793751604,142,"java.lang.StringLatin1.inflate(byte[],","0:-1,1:-1,2:-1",0,8802
bubo_runs22_BuboNoNested,NoNested,Mandelbrot,/home/hb478/repos/BuboExperiments/BuboLoopObserverEffect/bubo_runs22_BuboNoNested/logs/Mandelbrot_BuboOn.log,212793751604,142,"java.lang.StringLatin1.inflate(byte[],","0:-1,1:-1,2:-1",1,13306
bubo_runs22_BuboNoNested,NoNested,Mandelbrot,/home/hb478/repos/BuboExperiments/BuboLoopObserverEffect/bubo_runs22_BuboNoNested/logs/Mandelbrot_BuboOn.log,212793751604,142,"java.lang.StringLatin1.inflate(byte[],","0:-1,1:-1,2:-1",2,8534
bubo_runs22_BuboNoNested,NoNested,Mandelbrot,/home/hb478/repos/BuboExperiments/BuboLoopObserverEffect/bubo_runs22_BuboNoNested/logs/Mandelbrot_BuboOn.log,212793751604,143,"java.lang.StringCoding.implEncodeAsciiArray(char[],",0:-1,0,324
bubo_runs22_BuboNoNested,NoNested,Mandelbrot,/home/hb478/repos/BuboExperiments/BuboLoopObserverEffect/bubo_runs22_BuboNoNested/logs/Mandelbrot_BuboOn.log,212793751604,144,"java.lang.StringCoding.implEncodeAsciiArray(char[],-Re-Comp",0:-1,0,15970
bubo_runs22_BuboNoNested,NoNested,NBody,/home/hb478/repos/BuboExperiments/BuboLoopObserverEffect/bubo_runs22_BuboNoNested/logs/NBody_BuboOn.log,180203331748,52,java.util.ImmutableCollections$SetN$SetNIterator.next(),0:-1,0,360074
bubo_runs22_BuboNoNested,NoNested,NBody,/home/hb478/repos/BuboExperiments/BuboLoopObserverEffect/bubo_runs22_BuboNoNested/logs/NBody_BuboOn.log,180203331748,56,"java.util.HashMap.putVal(int,",0:-1,0,10076
bubo_runs22_BuboNoNested,NoNested,NBody,/home/hb478/repos/BuboExperiments/BuboLoopObserverEffect/bubo_runs22_BuboNoNested/logs/NBody_BuboOn.log,180203331748,57,java.lang.String.equals(Object),0:-1,0,9126
bubo_runs22_BuboNoNested,NoNested,NBody,/home/hb478/repos/BuboExperiments/BuboLoopObserverEffect/bubo_runs22_BuboNoNested/logs/NBody_BuboOn.log,180203331748,74,java.util.HashMap.resize(),"2:-1,0:-1,1:0",0,20642
bubo_runs22_BuboNoNested,NoNested,NBody,/home/hb478/repos/BuboExperiments/BuboLoopObserverEffect/bubo_runs22_BuboNoNested/logs/NBody_BuboOn.log,180203331748,74,java.util.HashMap.resize(),"2:-1,0:-1,1:0",2,15480
bubo_runs22_BuboNoNested,NoNested,NBody,/home/hb478/repos/BuboExperiments/BuboLoopObserverEffect/bubo_runs22_BuboNoNested/logs/NBody_BuboOn.log,180203331748,88,java.util.Properties$LineReader.readLine(),"5:-1,3:-1,4:3,0:-1,1:0,2:1",5,340
bubo_runs22_BuboNoNested,NoNested,NBody,/home/hb478/repos/BuboExperiments/BuboLoopObserverEffect/bubo_runs22_BuboNoNested/logs/NBody_BuboOn.log,180203331748,89,java.util.Properties$LineReader.readLine()-Re-Comp,"0:-1,1:0,2:1",0,402746
bubo_runs22_BuboNoNested,NoNested,NBody,/home/hb478/repos/BuboExperiments/BuboLoopObserverEffect/bubo_runs22_BuboNoNested/logs/NBody_BuboOn.log,180203331748,92,"jdk.internal.util.ArraysSupport.unsignedHashCode(int,","0:-1,1:-1,2:-1",0,58356
bubo_runs22_BuboNoNested,NoNested,NBody,/home/hb478/repos/BuboExperiments/BuboLoopObserverEffect/bubo_runs22_BuboNoNested/logs/NBody_BuboOn.log,180203331748,92,"jdk.internal.util.ArraysSupport.unsignedHashCode(int,","0:-1,1:-1,2:-1",1,116456
bubo_runs22_BuboNoNested,NoNested,NBody,/home/hb478/repos/BuboExperiments/BuboLoopObserverEffect/bubo_runs22_BuboNoNested/logs/NBody_BuboOn.log,180203331748,92,"jdk.internal.util.ArraysSupport.unsignedHashCode(int,","0:-1,1:-1,2:-1",2,95042
bubo_runs22_BuboNoNested,NoNested,NBody,/home/hb478/repos/BuboExperiments/BuboLoopObserverEffect/bubo_runs22_BuboNoNested/logs/NBody_BuboOn.log,180203331748,120,"java.lang.StringLatin1.equals(byte[],",0:-1,0,6822
bubo_runs22_BuboNoNested,NoNested,NBody,/home/hb478/repos/BuboExperiments/BuboLoopObserverEffect/bubo_runs22_BuboNoNested/logs/NBody_BuboOn.log,180203331748,134,nbody.NBodySystem.advance(double),"0:-1,1:0,2:-1",0,7482294
bubo_runs22_BuboNoNested,NoNested,NBody,/home/hb478/repos/BuboExperiments/BuboLoopObserverEffect/bubo_runs22_BuboNoNested/logs/NBody_BuboOn.log,180203331748,134,nbody.NBodySystem.advance(double),"0:-1,1:0,2:-1",2,1829152
bubo_runs22_BuboNoNested,NoNested,NBody,/home/hb478/repos/BuboExperiments/BuboLoopObserverEffect/bubo_runs22_BuboNoNested/logs/NBody_BuboOn.log,180203331748,135,NBody.innerBenchmarkLoop(int),"1:-1,2:1,3:-1,0:-1,4:0,5:4,6:0",0,388275730
bubo_runs22_BuboNoNested,NoNested,NBody,/home/hb478/repos/BuboExperiments/BuboLoopObserverEffect/bubo_runs22_BuboNoNested/logs/NBody_BuboOn.log,180203331748,135,NBody.innerBenchmarkLoop(int),"1:-1,2:1,3:-1,0:-1,4:0,5:4,6:0",1,896
bubo_runs22_BuboNoNested,NoNested,NBody,/home/hb478/repos/BuboExperiments/BuboLoopObserverEffect/bubo_runs22_BuboNoNested/logs/NBody_BuboOn.log,180203331748,135,NBody.innerBenchmarkLoop(int),"1:-1,2:1,3:-1,0:-1,4:0,5:4,6:0",3,154
bubo_runs22_BuboNoNested,NoNested,NBody,/home/hb478/repos/BuboExperiments/BuboLoopObserverEffect/bubo_runs22_BuboNoNested/logs/NBody_BuboOn.log,180203331748,136,NBody.innerBenchmarkLoop(int)-Re-Comp,0:-1,0,179061567372
bubo_runs22_BuboNoNested,NoNested,NBody,/home/hb478/repos/BuboExperiments/BuboLoopObserverEffect/bubo_runs22_BuboNoNested/logs/NBody_BuboOn.log,180203331748,157,"java.lang.StringLatin1.inflate(byte[],","0:-1,1:-1,2:-1",0,10316
bubo_runs22_BuboNoNested,NoNested,NBody,/home/hb478/repos/BuboExperiments/BuboLoopObserverEffect/bubo_runs22_BuboNoNested/logs/NBody_BuboOn.log,180203331748,157,"java.lang.StringLatin1.inflate(byte[],","0:-1,1:-1,2:-1",1,15924
bubo_runs22_BuboNoNested,NoNested,NBody,/home/hb478/repos/BuboExperiments/BuboLoopObserverEffect/bubo_runs22_BuboNoNested/logs/NBody_BuboOn.log,180203331748,157,"java.lang.StringLatin1.inflate(byte[],","0:-1,1:-1,2:-1",2,12888
bubo_runs22_BuboNoNested,NoNested,Sieve,/home/hb478/repos/BuboExperiments/BuboLoopObserverEffect/bubo_runs22_BuboNoNested/logs/Sieve_BuboOn.log,301607432998,52,java.util.ImmutableCollections$SetN$SetNIterator.next(),0:-1,0,372350
bubo_runs22_BuboNoNested,NoNested,Sieve,/home/hb478/repos/BuboExperiments/BuboLoopObserverEffect/bubo_runs22_BuboNoNested/logs/Sieve_BuboOn.log,301607432998,56,"java.util.HashMap.putVal(int,",0:-1,0,11554
bubo_runs22_BuboNoNested,NoNested,Sieve,/home/hb478/repos/BuboExperiments/BuboLoopObserverEffect/bubo_runs22_BuboNoNested/logs/Sieve_BuboOn.log,301607432998,57,java.lang.String.equals(Object),0:-1,0,9202
bubo_runs22_BuboNoNested,NoNested,Sieve,/home/hb478/repos/BuboExperiments/BuboLoopObserverEffect/bubo_runs22_BuboNoNested/logs/Sieve_BuboOn.log,301607432998,70,java.util.HashMap.resize(),"2:-1,0:-1,1:0",0,23694
bubo_runs22_BuboNoNested,NoNested,Sieve,/home/hb478/repos/BuboExperiments/BuboLoopObserverEffect/bubo_runs22_BuboNoNested/logs/Sieve_BuboOn.log,301607432998,70,java.util.HashMap.resize(),"2:-1,0:-1,1:0",2,16324
bubo_runs22_BuboNoNested,NoNested,Sieve,/home/hb478/repos/BuboExperiments/BuboLoopObserverEffect/bubo_runs22_BuboNoNested/logs/Sieve_BuboOn.log,301607432998,88,java.util.Properties$LineReader.readLine(),"5:-1,3:-1,4:3,0:-1,1:0,2:1",5,564
bubo_runs22_BuboNoNested,NoNested,Sieve,/home/hb478/repos/BuboExperiments/BuboLoopObserverEffect/bubo_runs22_BuboNoNested/logs/Sieve_BuboOn.log,301607432998,89,java.util.Properties$LineReader.readLine()-Re-Comp,"0:-1,1:0,2:1",0,381620
bubo_runs22_BuboNoNested,NoNested,Sieve,/home/hb478/repos/BuboExperiments/BuboLoopObserverEffect/bubo_runs22_BuboNoNested/logs/Sieve_BuboOn.log,301607432998,92,"jdk.internal.util.ArraysSupport.unsignedHashCode(int,","0:-1,1:-1,2:-1",0,53658
bubo_runs22_BuboNoNested,NoNested,Sieve,/home/hb478/repos/BuboExperiments/BuboLoopObserverEffect/bubo_runs22_BuboNoNested/logs/Sieve_BuboOn.log,301607432998,92,"jdk.internal.util.ArraysSupport.unsignedHashCode(int,","0:-1,1:-1,2:-1",1,104292
bubo_runs22_BuboNoNested,NoNested,Sieve,/home/hb478/repos/BuboExperiments/BuboLoopObserverEffect/bubo_runs22_BuboNoNested/logs/Sieve_BuboOn.log,301607432998,92,"jdk.internal.util.ArraysSupport.unsignedHashCode(int,","0:-1,1:-1,2:-1",2,87674
bubo_runs22_BuboNoNested,NoNested,Sieve,/home/hb478/repos/BuboExperiments/BuboLoopObserverEffect/bubo_runs22_BuboNoNested/logs/Sieve_BuboOn.log,301607432998,119,"Sieve.sieve(boolean[],","1:-1,0:-1,2:0",0,52864
bubo_runs22_BuboNoNested,NoNested,Sieve,/home/hb478/repos/BuboExperiments/BuboLoopObserverEffect/bubo_runs22_BuboNoNested/logs/Sieve_BuboOn.log,301607432998,119,"Sieve.sieve(boolean[],","1:-1,0:-1,2:0",1,1872
bubo_runs22_BuboNoNested,NoNested,Sieve,/home/hb478/repos/BuboExperiments/BuboLoopObserverEffect/bubo_runs22_BuboNoNested/logs/Sieve_BuboOn.log,301607432998,120,"Sieve.sieve(boolean[],-Re-Comp","0:-1,1:0",0,354033058
bubo_runs22_BuboNoNested,NoNested,Sieve,/home/hb478/repos/BuboExperiments/BuboLoopObserverEffect/bubo_runs22_BuboNoNested/logs/Sieve_BuboOn.log,301607432998,121,"java.util.Arrays.fill(boolean[],","0:-1,1:-1,2:-1",0,72
bubo_runs22_BuboNoNested,NoNested,Sieve,/home/hb478/repos/BuboExperiments/BuboLoopObserverEffect/bubo_runs22_BuboNoNested/logs/Sieve_BuboOn.log,301607432998,121,"java.util.Arrays.fill(boolean[],","0:-1,1:-1,2:-1",1,4998
bubo_runs22_BuboNoNested,NoNested,Sieve,/home/hb478/repos/BuboExperiments/BuboLoopObserverEffect/bubo_runs22_BuboNoNested/logs/Sieve_BuboOn.log,301607432998,121,"java.util.Arrays.fill(boolean[],","0:-1,1:-1,2:-1",2,130
bubo_runs22_BuboNoNested,NoNested,Sieve,/home/hb478/repos/BuboExperiments/BuboLoopObserverEffect/bubo_runs22_BuboNoNested/logs/Sieve_BuboOn.log,301607432998,122,"java.util.Arrays.fill(boolean[],-Re-Comp","0:-1,1:-1,2:-1",0,347694
bubo_runs22_BuboNoNested,NoNested,Sieve,/home/hb478/repos/BuboExperiments/BuboLoopObserverEffect/bubo_runs22_BuboNoNested/logs/Sieve_BuboOn.log,301607432998,122,"java.util.Arrays.fill(boolean[],-Re-Comp","0:-1,1:-1,2:-1",1,34869752
bubo_runs22_BuboNoNested,NoNested,Sieve,/home/hb478/repos/BuboExperiments/BuboLoopObserverEffect/bubo_runs22_BuboNoNested/logs/Sieve_BuboOn.log,301607432998,122,"java.util.Arrays.fill(boolean[],-Re-Comp","0:-1,1:-1,2:-1",2,395920
bubo_runs22_BuboNoNested,NoNested,Sieve,/home/hb478/repos/BuboExperiments/BuboLoopObserverEffect/bubo_runs22_BuboNoNested/logs/Sieve_BuboOn.log,301607432998,125,Sieve.benchmark(),"0:-1,3:-1,4:-1,1:-1,2:1",0,697372
bubo_runs22_BuboNoNested,NoNested,Sieve,/home/hb478/repos/BuboExperiments/BuboLoopObserverEffect/bubo_runs22_BuboNoNested/logs/Sieve_BuboOn.log,301607432998,125,Sieve.benchmark(),"0:-1,3:-1,4:-1,1:-1,2:1",1,751792392
bubo_runs22_BuboNoNested,NoNested,Sieve,/home/hb478/repos/BuboExperiments/BuboLoopObserverEffect/bubo_runs22_BuboNoNested/logs/Sieve_BuboOn.log,301607432998,125,Sieve.benchmark(),"0:-1,3:-1,4:-1,1:-1,2:1",3,69714900
bubo_runs22_BuboNoNested,NoNested,Sieve,/home/hb478/repos/BuboExperiments/BuboLoopObserverEffect/bubo_runs22_BuboNoNested/logs/Sieve_BuboOn.log,301607432998,125,Sieve.benchmark(),"0:-1,3:-1,4:-1,1:-1,2:1",4,1165264
bubo_runs22_BuboNoNested,NoNested,Sieve,/home/hb478/repos/BuboExperiments/BuboLoopObserverEffect/bubo_runs22_BuboNoNested/logs/Sieve_BuboOn.log,301607432998,136,"java.lang.StringLatin1.equals(byte[],",0:-1,0,3016
bubo_runs22_BuboNoNested,NoNested,Sieve,/home/hb478/repos/BuboExperiments/BuboLoopObserverEffect/bubo_runs22_BuboNoNested/logs/Sieve_BuboOn.log,301607432998,140,Benchmark.innerBenchmarkLoop(int),"1:-1,7:-1,8:-1,2:-1,3:2,0:-1,4:0,9:0,10:0,5:0,6:5",0,555852068
bubo_runs22_BuboNoNested,NoNested,Sieve,/home/hb478/repos/BuboExperiments/BuboLoopObserverEffect/bubo_runs22_BuboNoNested/logs/Sieve_BuboOn.log,301607432998,140,Benchmark.innerBenchmarkLoop(int),"1:-1,7:-1,8:-1,2:-1,3:2,0:-1,4:0,9:0,10:0,5:0,6:5",1,72
bubo_runs22_BuboNoNested,NoNested,Sieve,/home/hb478/repos/BuboExperiments/BuboLoopObserverEffect/bubo_runs22_BuboNoNested/logs/Sieve_BuboOn.log,301607432998,140,Benchmark.innerBenchmarkLoop(int),"1:-1,7:-1,8:-1,2:-1,3:2,0:-1,4:0,9:0,10:0,5:0,6:5",2,67436
bubo_runs22_BuboNoNested,NoNested,Sieve,/home/hb478/repos/BuboExperiments/BuboLoopObserverEffect/bubo_runs22_BuboNoNested/logs/Sieve_BuboOn.log,301607432998,140,Benchmark.innerBenchmarkLoop(int),"1:-1,7:-1,8:-1,2:-1,3:2,0:-1,4:0,9:0,10:0,5:0,6:5",7,5118
bubo_runs22_BuboNoNested,NoNested,Sieve,/home/hb478/repos/BuboExperiments/BuboLoopObserverEffect/bubo_runs22_BuboNoNested/logs/Sieve_BuboOn.log,301607432998,140,Benchmark.innerBenchmarkLoop(int),"1:-1,7:-1,8:-1,2:-1,3:2,0:-1,4:0,9:0,10:0,5:0,6:5",8,122
bubo_runs22_BuboNoNested,NoNested,Sieve,/home/hb478/repos/BuboExperiments/BuboLoopObserverEffect/bubo_runs22_BuboNoNested/logs/Sieve_BuboOn.log,301607432998,141,Benchmark.innerBenchmarkLoop(int)-Re-Comp,"0:-1,1:0,4:0,5:0,2:0,3:2",0,299034826038
bubo_runs22_BuboNoNested,NoNested,Sieve,/home/hb478/repos/BuboExperiments/BuboLoopObserverEffect/bubo_runs22_BuboNoNested/logs/Sieve_BuboOn.log,301607432998,150,"java.lang.StringLatin1.inflate(byte[],","0:-1,1:-1,2:-1",0,12068
bubo_runs22_BuboNoNested,NoNested,Sieve,/home/hb478/repos/BuboExperiments/BuboLoopObserverEffect/bubo_runs22_BuboNoNested/logs/Sieve_BuboOn.log,301607432998,150,"java.lang.StringLatin1.inflate(byte[],","0:-1,1:-1,2:-1",1,21546
bubo_runs22_BuboNoNested,NoNested,Sieve,/home/hb478/repos/BuboExperiments/BuboLoopObserverEffect/bubo_runs22_BuboNoNested/logs/Sieve_BuboOn.log,301607432998,150,"java.lang.StringLatin1.inflate(byte[],","0:-1,1:-1,2:-1",2,14054
bubo_runs23_BuboNoNested,NoNested,Bounce,/home/hb478/repos/BuboExperiments/BuboLoopObserverEffect/bubo_runs23_BuboNoNested/logs/Bounce_BuboOn.log,180714243372,52,java.util.ImmutableCollections$SetN$SetNIterator.next(),0:-1,0,368844
bubo_runs23_BuboNoNested,NoNested,Bounce,/home/hb478/repos/BuboExperiments/BuboLoopObserverEffect/bubo_runs23_BuboNoNested/logs/Bounce_BuboOn.log,180714243372,56,"java.util.HashMap.putVal(int,",0:-1,0,11670
bubo_runs23_BuboNoNested,NoNested,Bounce,/home/hb478/repos/BuboExperiments/BuboLoopObserverEffect/bubo_runs23_BuboNoNested/logs/Bounce_BuboOn.log,180714243372,57,java.lang.String.equals(Object),0:-1,0,9234
bubo_runs23_BuboNoNested,NoNested,Bounce,/home/hb478/repos/BuboExperiments/BuboLoopObserverEffect/bubo_runs23_BuboNoNested/logs/Bounce_BuboOn.log,180714243372,69,java.util.HashMap.resize(),"2:-1,0:-1,1:0",0,26542
bubo_runs23_BuboNoNested,NoNested,Bounce,/home/hb478/repos/BuboExperiments/BuboLoopObserverEffect/bubo_runs23_BuboNoNested/logs/Bounce_BuboOn.log,180714243372,69,java.util.HashMap.resize(),"2:-1,0:-1,1:0",2,16574
bubo_runs23_BuboNoNested,NoNested,Bounce,/home/hb478/repos/BuboExperiments/BuboLoopObserverEffect/bubo_runs23_BuboNoNested/logs/Bounce_BuboOn.log,180714243372,88,java.util.Properties$LineReader.readLine(),"5:-1,3:-1,4:3,0:-1,1:0,2:1",5,542
bubo_runs23_BuboNoNested,NoNested,Bounce,/home/hb478/repos/BuboExperiments/BuboLoopObserverEffect/bubo_runs23_BuboNoNested/logs/Bounce_BuboOn.log,180714243372,89,java.util.Properties$LineReader.readLine()-Re-Comp,"0:-1,1:0,2:1",0,375504
bubo_runs23_BuboNoNested,NoNested,Bounce,/home/hb478/repos/BuboExperiments/BuboLoopObserverEffect/bubo_runs23_BuboNoNested/logs/Bounce_BuboOn.log,180714243372,92,"jdk.internal.util.ArraysSupport.unsignedHashCode(int,","0:-1,1:-1,2:-1",0,56012
bubo_runs23_BuboNoNested,NoNested,Bounce,/home/hb478/repos/BuboExperiments/BuboLoopObserverEffect/bubo_runs23_BuboNoNested/logs/Bounce_BuboOn.log,180714243372,92,"jdk.internal.util.ArraysSupport.unsignedHashCode(int,","0:-1,1:-1,2:-1",1,105196
bubo_runs23_BuboNoNested,NoNested,Bounce,/home/hb478/repos/BuboExperiments/BuboLoopObserverEffect/bubo_runs23_BuboNoNested/logs/Bounce_BuboOn.log,180714243372,92,"jdk.internal.util.ArraysSupport.unsignedHashCode(int,","0:-1,1:-1,2:-1",2,91016
bubo_runs23_BuboNoNested,NoNested,Bounce,/home/hb478/repos/BuboExperiments/BuboLoopObserverEffect/bubo_runs23_BuboNoNested/logs/Bounce_BuboOn.log,180714243372,120,"java.lang.StringLatin1.equals(byte[],",0:-1,0,4616
bubo_runs23_BuboNoNested,NoNested,Bounce,/home/hb478/repos/BuboExperiments/BuboLoopObserverEffect/bubo_runs23_BuboNoNested/logs/Bounce_BuboOn.log,180714243372,125,Bounce.benchmark(),"2:-1,0:-1,1:0",0,81244
bubo_runs23_BuboNoNested,NoNested,Bounce,/home/hb478/repos/BuboExperiments/BuboLoopObserverEffect/bubo_runs23_BuboNoNested/logs/Bounce_BuboOn.log,180714243372,125,Bounce.benchmark(),"2:-1,0:-1,1:0",2,744
bubo_runs23_BuboNoNested,NoNested,Bounce,/home/hb478/repos/BuboExperiments/BuboLoopObserverEffect/bubo_runs23_BuboNoNested/logs/Bounce_BuboOn.log,180714243372,126,Bounce.benchmark()-Re-Comp,"3:-1,2:-1,0:-1,1:0",0,165919924836
bubo_runs23_BuboNoNested,NoNested,Bounce,/home/hb478/repos/BuboExperiments/BuboLoopObserverEffect/bubo_runs23_BuboNoNested/logs/Bounce_BuboOn.log,180714243372,126,Bounce.benchmark()-Re-Comp,"3:-1,2:-1,0:-1,1:0",2,12522808298
bubo_runs23_BuboNoNested,NoNested,Bounce,/home/hb478/repos/BuboExperiments/BuboLoopObserverEffect/bubo_runs23_BuboNoNested/logs/Bounce_BuboOn.log,180714243372,126,Bounce.benchmark()-Re-Comp,"3:-1,2:-1,0:-1,1:0",3,583277712
bubo_runs23_BuboNoNested,NoNested,Bounce,/home/hb478/repos/BuboExperiments/BuboLoopObserverEffect/bubo_runs23_BuboNoNested/logs/Bounce_BuboOn.log,180714243372,143,Benchmark.innerBenchmarkLoop(int),0:-1,0,351944332
bubo_runs23_BuboNoNested,NoNested,Bounce,/home/hb478/repos/BuboExperiments/BuboLoopObserverEffect/bubo_runs23_BuboNoNested/logs/Bounce_BuboOn.log,180714243372,144,Benchmark.innerBenchmarkLoop(int)-Re-Comp,0:-1,0,179106535986
bubo_runs23_BuboNoNested,NoNested,Bounce,/home/hb478/repos/BuboExperiments/BuboLoopObserverEffect/bubo_runs23_BuboNoNested/logs/Bounce_BuboOn.log,180714243372,152,"java.lang.StringLatin1.inflate(byte[],","0:-1,1:-1,2:-1",0,12966
bubo_runs23_BuboNoNested,NoNested,Bounce,/home/hb478/repos/BuboExperiments/BuboLoopObserverEffect/bubo_runs23_BuboNoNested/logs/Bounce_BuboOn.log,180714243372,152,"java.lang.StringLatin1.inflate(byte[],","0:-1,1:-1,2:-1",1,21744
bubo_runs23_BuboNoNested,NoNested,Bounce,/home/hb478/repos/BuboExperiments/BuboLoopObserverEffect/bubo_runs23_BuboNoNested/logs/Bounce_BuboOn.log,180714243372,152,"java.lang.StringLatin1.inflate(byte[],","0:-1,1:-1,2:-1",2,17838
bubo_runs23_BuboNoNested,NoNested,Bounce,/home/hb478/repos/BuboExperiments/BuboLoopObserverEffect/bubo_runs23_BuboNoNested/logs/Bounce_BuboOn.log,180714243372,161,"java.lang.StringCoding.implEncodeAsciiArray(char[],",0:-1,0,196
bubo_runs23_BuboNoNested,NoNested,Bounce,/home/hb478/repos/BuboExperiments/BuboLoopObserverEffect/bubo_runs23_BuboNoNested/logs/Bounce_BuboOn.log,180714243372,162,"java.lang.StringCoding.implEncodeAsciiArray(char[],-Re-Comp",0:-1,0,620
bubo_runs23_BuboNoNested,NoNested,Json,/home/hb478/repos/BuboExperiments/BuboLoopObserverEffect/bubo_runs23_BuboNoNested/logs/Json_BuboOn.log,155337105160,52,java.util.ImmutableCollections$SetN$SetNIterator.next(),0:-1,0,373820
bubo_runs23_BuboNoNested,NoNested,Json,/home/hb478/repos/BuboExperiments/BuboLoopObserverEffect/bubo_runs23_BuboNoNested/logs/Json_BuboOn.log,155337105160,56,"java.util.HashMap.putVal(int,",0:-1,0,11444
bubo_runs23_BuboNoNested,NoNested,Json,/home/hb478/repos/BuboExperiments/BuboLoopObserverEffect/bubo_runs23_BuboNoNested/logs/Json_BuboOn.log,155337105160,57,java.lang.String.equals(Object),0:-1,0,9756
bubo_runs23_BuboNoNested,NoNested,Json,/home/hb478/repos/BuboExperiments/BuboLoopObserverEffect/bubo_runs23_BuboNoNested/logs/Json_BuboOn.log,155337105160,70,java.util.HashMap.resize(),"2:-1,0:-1,1:0",0,24770
bubo_runs23_BuboNoNested,NoNested,Json,/home/hb478/repos/BuboExperiments/BuboLoopObserverEffect/bubo_runs23_BuboNoNested/logs/Json_BuboOn.log,155337105160,70,java.util.HashMap.resize(),"2:-1,0:-1,1:0",2,16782
bubo_runs23_BuboNoNested,NoNested,Json,/home/hb478/repos/BuboExperiments/BuboLoopObserverEffect/bubo_runs23_BuboNoNested/logs/Json_BuboOn.log,155337105160,88,java.util.Properties$LineReader.readLine(),"5:-1,3:-1,4:3,0:-1,1:0,2:1",5,474
bubo_runs23_BuboNoNested,NoNested,Json,/home/hb478/repos/BuboExperiments/BuboLoopObserverEffect/bubo_runs23_BuboNoNested/logs/Json_BuboOn.log,155337105160,90,java.util.Properties$LineReader.readLine()-Re-Comp,"5:-1,3:-1,4:3,0:-1,1:0,2:1",0,30230
bubo_runs23_BuboNoNested,NoNested,Json,/home/hb478/repos/BuboExperiments/BuboLoopObserverEffect/bubo_runs23_BuboNoNested/logs/Json_BuboOn.log,155337105160,90,java.util.Properties$LineReader.readLine()-Re-Comp,"5:-1,3:-1,4:3,0:-1,1:0,2:1",5,176
bubo_runs23_BuboNoNested,NoNested,Json,/home/hb478/repos/BuboExperiments/BuboLoopObserverEffect/bubo_runs23_BuboNoNested/logs/Json_BuboOn.log,155337105160,91,java.util.Properties$LineReader.readLine()-Re-Comp,"0:-1,1:0,2:1",0,435482
bubo_runs23_BuboNoNested,NoNested,Json,/home/hb478/repos/BuboExperiments/BuboLoopObserverEffect/bubo_runs23_BuboNoNested/logs/Json_BuboOn.log,155337105160,94,"jdk.internal.util.ArraysSupport.unsignedHashCode(int,","0:-1,1:-1,2:-1",0,51706
bubo_runs23_BuboNoNested,NoNested,Json,/home/hb478/repos/BuboExperiments/BuboLoopObserverEffect/bubo_runs23_BuboNoNested/logs/Json_BuboOn.log,155337105160,94,"jdk.internal.util.ArraysSupport.unsignedHashCode(int,","0:-1,1:-1,2:-1",1,95934
bubo_runs23_BuboNoNested,NoNested,Json,/home/hb478/repos/BuboExperiments/BuboLoopObserverEffect/bubo_runs23_BuboNoNested/logs/Json_BuboOn.log,155337105160,94,"jdk.internal.util.ArraysSupport.unsignedHashCode(int,","0:-1,1:-1,2:-1",2,82188
bubo_runs23_BuboNoNested,NoNested,Json,/home/hb478/repos/BuboExperiments/BuboLoopObserverEffect/bubo_runs23_BuboNoNested/logs/Json_BuboOn.log,155337105160,122,"java.lang.StringLatin1.equals(byte[],",0:-1,0,221536
bubo_runs23_BuboNoNested,NoNested,Json,/home/hb478/repos/BuboExperiments/BuboLoopObserverEffect/bubo_runs23_BuboNoNested/logs/Json_BuboOn.log,155337105160,127,java.lang.String.equals(Object)-Re-Comp,0:-1,0,7238076
bubo_runs23_BuboNoNested,NoNested,Json,/home/hb478/repos/BuboExperiments/BuboLoopObserverEffect/bubo_runs23_BuboNoNested/logs/Json_BuboOn.log,155337105160,142,"json.JsonPureStringParser.subStringFromTo(int,","1:-1,0:-1",0,281178
bubo_runs23_BuboNoNested,NoNested,Json,/home/hb478/repos/BuboExperiments/BuboLoopObserverEffect/bubo_runs23_BuboNoNested/logs/Json_BuboOn.log,155337105160,142,"json.JsonPureStringParser.subStringFromTo(int,","1:-1,0:-1",1,235604
bubo_runs23_BuboNoNested,NoNested,Json,/home/hb478/repos/BuboExperiments/BuboLoopObserverEffect/bubo_runs23_BuboNoNested/logs/Json_BuboOn.log,155337105160,143,json.JsonPureStringParser.readStringInternal(),"0:-1,3:-1,2:-1,1:-1",0,27804476366
bubo_runs23_BuboNoNested,NoNested,Json,/home/hb478/repos/BuboExperiments/BuboLoopObserverEffect/bubo_runs23_BuboNoNested/logs/Json_BuboOn.log,155337105160,143,json.JsonPureStringParser.readStringInternal(),"0:-1,3:-1,2:-1,1:-1",1,6718259648
bubo_runs23_BuboNoNested,NoNested,Json,/home/hb478/repos/BuboExperiments/BuboLoopObserverEffect/bubo_runs23_BuboNoNested/logs/Json_BuboOn.log,155337105160,143,json.JsonPureStringParser.readStringInternal(),"0:-1,3:-1,2:-1,1:-1",3,5477214278
bubo_runs23_BuboNoNested,NoNested,Json,/home/hb478/repos/BuboExperiments/BuboLoopObserverEffect/bubo_runs23_BuboNoNested/logs/Json_BuboOn.log,155337105160,154,json.JsonPureStringParser.readArray(),"3:-1,2:-1,0:-1,1:-1",0,377959351782
bubo_runs23_BuboNoNested,NoNested,Json,/home/hb478/repos/BuboExperiments/BuboLoopObserverEffect/bubo_runs23_BuboNoNested/logs/Json_BuboOn.log,155337105160,154,json.JsonPureStringParser.readArray(),"3:-1,2:-1,0:-1,1:-1",1,46570988
bubo_runs23_BuboNoNested,NoNested,Json,/home/hb478/repos/BuboExperiments/BuboLoopObserverEffect/bubo_runs23_BuboNoNested/logs/Json_BuboOn.log,155337105160,154,json.JsonPureStringParser.readArray(),"3:-1,2:-1,0:-1,1:-1",2,2174860822
bubo_runs23_BuboNoNested,NoNested,Json,/home/hb478/repos/BuboExperiments/BuboLoopObserverEffect/bubo_runs23_BuboNoNested/logs/Json_BuboOn.log,155337105160,154,json.JsonPureStringParser.readArray(),"3:-1,2:-1,0:-1,1:-1",3,4142644
bubo_runs23_BuboNoNested,NoNested,Json,/home/hb478/repos/BuboExperiments/BuboLoopObserverEffect/bubo_runs23_BuboNoNested/logs/Json_BuboOn.log,155337105160,156,json.JsonPureStringParser.endCapture(),"1:-1,0:-1",0,1979626388
bubo_runs23_BuboNoNested,NoNested,Json,/home/hb478/repos/BuboExperiments/BuboLoopObserverEffect/bubo_runs23_BuboNoNested/logs/Json_BuboOn.log,155337105160,156,json.JsonPureStringParser.endCapture(),"1:-1,0:-1",1,1930695880
bubo_runs23_BuboNoNested,NoNested,Json,/home/hb478/repos/BuboExperiments/BuboLoopObserverEffect/bubo_runs23_BuboNoNested/logs/Json_BuboOn.log,155337105160,157,json.JsonPureStringParser.readNumber(),0:-1,0,6805087764
bubo_runs23_BuboNoNested,NoNested,Json,/home/hb478/repos/BuboExperiments/BuboLoopObserverEffect/bubo_runs23_BuboNoNested/logs/Json_BuboOn.log,155337105160,165,som.Vector.<init>(),0:-1,0,244678
bubo_runs23_BuboNoNested,NoNested,Json,/home/hb478/repos/BuboExperiments/BuboLoopObserverEffect/bubo_runs23_BuboNoNested/logs/Json_BuboOn.log,155337105160,167,json.JsonPureStringParser.readObject(),"1:-1,4:-1,5:-1,0:-1,2:-1,3:-1",0,259637045460
bubo_runs23_BuboNoNested,NoNested,Json,/home/hb478/repos/BuboExperiments/BuboLoopObserverEffect/bubo_runs23_BuboNoNested/logs/Json_BuboOn.log,155337105160,167,json.JsonPureStringParser.readObject(),"1:-1,4:-1,5:-1,0:-1,2:-1,3:-1",1,543128180
bubo_runs23_BuboNoNested,NoNested,Json,/home/hb478/repos/BuboExperiments/BuboLoopObserverEffect/bubo_runs23_BuboNoNested/logs/Json_BuboOn.log,155337105160,167,json.JsonPureStringParser.readObject(),"1:-1,4:-1,5:-1,0:-1,2:-1,3:-1",2,65673824
bubo_runs23_BuboNoNested,NoNested,Json,/home/hb478/repos/BuboExperiments/BuboLoopObserverEffect/bubo_runs23_BuboNoNested/logs/Json_BuboOn.log,155337105160,167,json.JsonPureStringParser.readObject(),"1:-1,4:-1,5:-1,0:-1,2:-1,3:-1",3,67425398
bubo_runs23_BuboNoNested,NoNested,Json,/home/hb478/repos/BuboExperiments/BuboLoopObserverEffect/bubo_runs23_BuboNoNested/logs/Json_BuboOn.log,155337105160,167,json.JsonPureStringParser.readObject(),"1:-1,4:-1,5:-1,0:-1,2:-1,3:-1",4,539273818
bubo_runs23_BuboNoNested,NoNested,Json,/home/hb478/repos/BuboExperiments/BuboLoopObserverEffect/bubo_runs23_BuboNoNested/logs/Json_BuboOn.log,155337105160,167,json.JsonPureStringParser.readObject(),"1:-1,4:-1,5:-1,0:-1,2:-1,3:-1",5,540093648
bubo_runs23_BuboNoNested,NoNested,Json,/home/hb478/repos/BuboExperiments/BuboLoopObserverEffect/bubo_runs23_BuboNoNested/logs/Json_BuboOn.log,155337105160,192,"java.util.Arrays.copyOf(Object[],",0:-1,0,16733120
bubo_runs23_BuboNoNested,NoNested,Json,/home/hb478/repos/BuboExperiments/BuboLoopObserverEffect/bubo_runs23_BuboNoNested/logs/Json_BuboOn.log,155337105160,205,Benchmark.innerBenchmarkLoop(int),0:-1,0,54658238
bubo_runs23_BuboNoNested,NoNested,Json,/home/hb478/repos/BuboExperiments/BuboLoopObserverEffect/bubo_runs23_BuboNoNested/logs/Json_BuboOn.log,155337105160,206,Benchmark.innerBenchmarkLoop(int)-Re-Comp,0:-1,0,89343118182
bubo_runs23_BuboNoNested,NoNested,Json,/home/hb478/repos/BuboExperiments/BuboLoopObserverEffect/bubo_runs23_BuboNoNested/logs/Json_BuboOn.log,155337105160,207,"java.lang.StringLatin1.inflate(byte[],","0:-1,1:-1,2:-1",0,10028
bubo_runs23_BuboNoNested,NoNested,Json,/home/hb478/repos/BuboExperiments/BuboLoopObserverEffect/bubo_runs23_BuboNoNested/logs/Json_BuboOn.log,155337105160,207,"java.lang.StringLatin1.inflate(byte[],","0:-1,1:-1,2:-1",1,14688
bubo_runs23_BuboNoNested,NoNested,Json,/home/hb478/repos/BuboExperiments/BuboLoopObserverEffect/bubo_runs23_BuboNoNested/logs/Json_BuboOn.log,155337105160,207,"java.lang.StringLatin1.inflate(byte[],","0:-1,1:-1,2:-1",2,11208
bubo_runs23_BuboNoNested,NoNested,LoopBenchmarks,/home/hb478/repos/BuboExperiments/BuboLoopObserverEffect/bubo_runs23_BuboNoNested/logs/LoopBenchmarks_BuboOn.log,184108792112,52,java.util.ImmutableCollections$SetN$SetNIterator.next(),0:-1,0,364566
bubo_runs23_BuboNoNested,NoNested,LoopBenchmarks,/home/hb478/repos/BuboExperiments/BuboLoopObserverEffect/bubo_runs23_BuboNoNested/logs/LoopBenchmarks_BuboOn.log,184108792112,56,"java.util.HashMap.putVal(int,",0:-1,0,11766
bubo_runs23_BuboNoNested,NoNested,LoopBenchmarks,/home/hb478/repos/BuboExperiments/BuboLoopObserverEffect/bubo_runs23_BuboNoNested/logs/LoopBenchmarks_BuboOn.log,184108792112,57,java.lang.String.equals(Object),0:-1,0,9234
bubo_runs23_BuboNoNested,NoNested,LoopBenchmarks,/home/hb478/repos/BuboExperiments/BuboLoopObserverEffect/bubo_runs23_BuboNoNested/logs/LoopBenchmarks_BuboOn.log,184108792112,75,java.util.HashMap.resize(),"2:-1,0:-1,1:0",0,21678
bubo_runs23_BuboNoNested,NoNested,LoopBenchmarks,/home/hb478/repos/BuboExperiments/BuboLoopObserverEffect/bubo_runs23_BuboNoNested/logs/LoopBenchmarks_BuboOn.log,184108792112,75,java.util.HashMap.resize(),"2:-1,0:-1,1:0",2,16390
bubo_runs23_BuboNoNested,NoNested,LoopBenchmarks,/home/hb478/repos/BuboExperiments/BuboLoopObserverEffect/bubo_runs23_BuboNoNested/logs/LoopBenchmarks_BuboOn.log,184108792112,88,java.util.Properties$LineReader.readLine(),"5:-1,3:-1,4:3,0:-1,1:0,2:1",5,598
bubo_runs23_BuboNoNested,NoNested,LoopBenchmarks,/home/hb478/repos/BuboExperiments/BuboLoopObserverEffect/bubo_runs23_BuboNoNested/logs/LoopBenchmarks_BuboOn.log,184108792112,89,java.util.Properties$LineReader.readLine()-Re-Comp,"0:-1,1:0,2:1",0,370832
bubo_runs23_BuboNoNested,NoNested,LoopBenchmarks,/home/hb478/repos/BuboExperiments/BuboLoopObserverEffect/bubo_runs23_BuboNoNested/logs/LoopBenchmarks_BuboOn.log,184108792112,92,"jdk.internal.util.ArraysSupport.unsignedHashCode(int,","0:-1,1:-1,2:-1",0,113738
bubo_runs23_BuboNoNested,NoNested,LoopBenchmarks,/home/hb478/repos/BuboExperiments/BuboLoopObserverEffect/bubo_runs23_BuboNoNested/logs/LoopBenchmarks_BuboOn.log,184108792112,92,"jdk.internal.util.ArraysSupport.unsignedHashCode(int,","0:-1,1:-1,2:-1",1,158180
bubo_runs23_BuboNoNested,NoNested,LoopBenchmarks,/home/hb478/repos/BuboExperiments/BuboLoopObserverEffect/bubo_runs23_BuboNoNested/logs/LoopBenchmarks_BuboOn.log,184108792112,92,"jdk.internal.util.ArraysSupport.unsignedHashCode(int,","0:-1,1:-1,2:-1",2,189208
bubo_runs23_BuboNoNested,NoNested,LoopBenchmarks,/home/hb478/repos/BuboExperiments/BuboLoopObserverEffect/bubo_runs23_BuboNoNested/logs/LoopBenchmarks_BuboOn.log,184108792112,122,LoopBenchmarks.fibonacciLoop(int),"0:-1,1:-1,2:-1",0,106
bubo_runs23_BuboNoNested,NoNested,LoopBenchmarks,/home/hb478/repos/BuboExperiments/BuboLoopObserverEffect/bubo_runs23_BuboNoNested/logs/LoopBenchmarks_BuboOn.log,184108792112,122,LoopBenchmarks.fibonacciLoop(int),"0:-1,1:-1,2:-1",1,9630
bubo_runs23_BuboNoNested,NoNested,LoopBenchmarks,/home/hb478/repos/BuboExperiments/BuboLoopObserverEffect/bubo_runs23_BuboNoNested/logs/LoopBenchmarks_BuboOn.log,184108792112,122,LoopBenchmarks.fibonacciLoop(int),"0:-1,1:-1,2:-1",2,140
bubo_runs23_BuboNoNested,NoNested,LoopBenchmarks,/home/hb478/repos/BuboExperiments/BuboLoopObserverEffect/bubo_runs23_BuboNoNested/logs/LoopBenchmarks_BuboOn.log,184108792112,123,LoopBenchmarks.fibonacciLoop(int)-Re-Comp,"0:-1,1:-1,2:-1",0,1326184
bubo_runs23_BuboNoNested,NoNested,LoopBenchmarks,/home/hb478/repos/BuboExperiments/BuboLoopObserverEffect/bubo_runs23_BuboNoNested/logs/LoopBenchmarks_BuboOn.log,184108792112,123,LoopBenchmarks.fibonacciLoop(int)-Re-Comp,"0:-1,1:-1,2:-1",1,207164292
bubo_runs23_BuboNoNested,NoNested,LoopBenchmarks,/home/hb478/repos/BuboExperiments/BuboLoopObserverEffect/bubo_runs23_BuboNoNested/logs/LoopBenchmarks_BuboOn.log,184108792112,123,LoopBenchmarks.fibonacciLoop(int)-Re-Comp,"0:-1,1:-1,2:-1",2,1762410
bubo_runs23_BuboNoNested,NoNested,LoopBenchmarks,/home/hb478/repos/BuboExperiments/BuboLoopObserverEffect/bubo_runs23_BuboNoNested/logs/LoopBenchmarks_BuboOn.log,184108792112,124,LoopBenchmarks.main(String[]),"1:-1,3:-1,4:-1,0:-1,2:0,5:0,6:0",0,14287706474
bubo_runs23_BuboNoNested,NoNested,LoopBenchmarks,/home/hb478/repos/BuboExperiments/BuboLoopObserverEffect/bubo_runs23_BuboNoNested/logs/LoopBenchmarks_BuboOn.log,184108792112,124,LoopBenchmarks.main(String[]),"1:-1,3:-1,4:-1,0:-1,2:0,5:0,6:0",1,84
bubo_runs23_BuboNoNested,NoNested,LoopBenchmarks,/home/hb478/repos/BuboExperiments/BuboLoopObserverEffect/bubo_runs23_BuboNoNested/logs/LoopBenchmarks_BuboOn.log,184108792112,124,LoopBenchmarks.main(String[]),"1:-1,3:-1,4:-1,0:-1,2:0,5:0,6:0",3,10120
bubo_runs23_BuboNoNested,NoNested,LoopBenchmarks,/home/hb478/repos/BuboExperiments/BuboLoopObserverEffect/bubo_runs23_BuboNoNested/logs/LoopBenchmarks_BuboOn.log,184108792112,124,LoopBenchmarks.main(String[]),"1:-1,3:-1,4:-1,0:-1,2:0,5:0,6:0",4,146
bubo_runs23_BuboNoNested,NoNested,LoopBenchmarks,/home/hb478/repos/BuboExperiments/BuboLoopObserverEffect/bubo_runs23_BuboNoNested/logs/LoopBenchmarks_BuboOn.log,184108792112,127,"java.lang.StringLatin1.equals(byte[],",0:-1,0,21126
bubo_runs23_BuboNoNested,NoNested,LoopBenchmarks,/home/hb478/repos/BuboExperiments/BuboLoopObserverEffect/bubo_runs23_BuboNoNested/logs/LoopBenchmarks_BuboOn.log,184108792112,137,"java.util.regex.Pattern$BmpCharPropertyGreedy.match(Matcher,",0:-1,0,9560
bubo_runs23_BuboNoNested,NoNested,LoopBenchmarks,/home/hb478/repos/BuboExperiments/BuboLoopObserverEffect/bubo_runs23_BuboNoNested/logs/LoopBenchmarks_BuboOn.log,184108792112,142,"LoopBenchmarks.mandelbrotLoop(double,",0:-1,0,2778780
bubo_runs23_BuboNoNested,NoNested,LoopBenchmarks,/home/hb478/repos/BuboExperiments/BuboLoopObserverEffect/bubo_runs23_BuboNoNested/logs/LoopBenchmarks_BuboOn.log,184108792112,143,LoopBenchmarks.main(String[])-Re-Comp,"3:-1,2:-1,4:2,0:-1,1:0,5:1",0,1413340
bubo_runs23_BuboNoNested,NoNested,LoopBenchmarks,/home/hb478/repos/BuboExperiments/BuboLoopObserverEffect/bubo_runs23_BuboNoNested/logs/LoopBenchmarks_BuboOn.log,184108792112,143,LoopBenchmarks.main(String[])-Re-Comp,"3:-1,2:-1,4:2,0:-1,1:0,5:1",2,12514
bubo_runs23_BuboNoNested,NoNested,LoopBenchmarks,/home/hb478/repos/BuboExperiments/BuboLoopObserverEffect/bubo_runs23_BuboNoNested/logs/LoopBenchmarks_BuboOn.log,184108792112,143,LoopBenchmarks.main(String[])-Re-Comp,"3:-1,2:-1,4:2,0:-1,1:0,5:1",3,124
bubo_runs23_BuboNoNested,NoNested,LoopBenchmarks,/home/hb478/repos/BuboExperiments/BuboLoopObserverEffect/bubo_runs23_BuboNoNested/logs/LoopBenchmarks_BuboOn.log,184108792112,145,LoopBenchmarks.main(String[])-Re-Comp,"3:-1,2:-1,4:2,0:-1,1:0,5:1",0,91495854
bubo_runs23_BuboNoNested,NoNested,LoopBenchmarks,/home/hb478/repos/BuboExperiments/BuboLoopObserverEffect/bubo_runs23_BuboNoNested/logs/LoopBenchmarks_BuboOn.log,184108792112,145,LoopBenchmarks.main(String[])-Re-Comp,"3:-1,2:-1,4:2,0:-1,1:0,5:1",2,8502
bubo_runs23_BuboNoNested,NoNested,LoopBenchmarks,/home/hb478/repos/BuboExperiments/BuboLoopObserverEffect/bubo_runs23_BuboNoNested/logs/LoopBenchmarks_BuboOn.log,184108792112,145,LoopBenchmarks.main(String[])-Re-Comp,"3:-1,2:-1,4:2,0:-1,1:0,5:1",3,124
bubo_runs23_BuboNoNested,NoNested,LoopBenchmarks,/home/hb478/repos/BuboExperiments/BuboLoopObserverEffect/bubo_runs23_BuboNoNested/logs/LoopBenchmarks_BuboOn.log,184108792112,146,LoopBenchmarks.main(String[])-Re-Comp,"6:-1,5:-1,7:5,3:-1,4:3,8:4,0:-1,1:0,2:1,9:2",0,6730582314
bubo_runs23_BuboNoNested,NoNested,LoopBenchmarks,/home/hb478/repos/BuboExperiments/BuboLoopObserverEffect/bubo_runs23_BuboNoNested/logs/LoopBenchmarks_BuboOn.log,184108792112,146,LoopBenchmarks.main(String[])-Re-Comp,"6:-1,5:-1,7:5,3:-1,4:3,8:4,0:-1,1:0,2:1,9:2",3,90760568
bubo_runs23_BuboNoNested,NoNested,LoopBenchmarks,/home/hb478/repos/BuboExperiments/BuboLoopObserverEffect/bubo_runs23_BuboNoNested/logs/LoopBenchmarks_BuboOn.log,184108792112,146,LoopBenchmarks.main(String[])-Re-Comp,"6:-1,5:-1,7:5,3:-1,4:3,8:4,0:-1,1:0,2:1,9:2",5,13328
bubo_runs23_BuboNoNested,NoNested,LoopBenchmarks,/home/hb478/repos/BuboExperiments/BuboLoopObserverEffect/bubo_runs23_BuboNoNested/logs/LoopBenchmarks_BuboOn.log,184108792112,146,LoopBenchmarks.main(String[])-Re-Comp,"6:-1,5:-1,7:5,3:-1,4:3,8:4,0:-1,1:0,2:1,9:2",6,390
bubo_runs23_BuboNoNested,NoNested,LoopBenchmarks,/home/hb478/repos/BuboExperiments/BuboLoopObserverEffect/bubo_runs23_BuboNoNested/logs/LoopBenchmarks_BuboOn.log,184108792112,148,LoopBenchmarks.main(String[])-Re-Comp,0:-1,0,5126704
bubo_runs23_BuboNoNested,NoNested,LoopBenchmarks,/home/hb478/repos/BuboExperiments/BuboLoopObserverEffect/bubo_runs23_BuboNoNested/logs/LoopBenchmarks_BuboOn.log,184108792112,149,LoopBenchmarks.parseJsonLoop(char[]),0:-1,0,2472880
bubo_runs23_BuboNoNested,NoNested,LoopBenchmarks,/home/hb478/repos/BuboExperiments/BuboLoopObserverEffect/bubo_runs23_BuboNoNested/logs/LoopBenchmarks_BuboOn.log,184108792112,150,LoopBenchmarks.parseJsonLoop(char[])-Re-Comp,0:-1,0,12930037478
bubo_runs23_BuboNoNested,NoNested,LoopBenchmarks,/home/hb478/repos/BuboExperiments/BuboLoopObserverEffect/bubo_runs23_BuboNoNested/logs/LoopBenchmarks_BuboOn.log,184108792112,151,LoopBenchmarks.main(String[])-Re-Comp,"2:-1,3:-1,4:-1,0:-1,1:0",0,29578
bubo_runs23_BuboNoNested,NoNested,LoopBenchmarks,/home/hb478/repos/BuboExperiments/BuboLoopObserverEffect/bubo_runs23_BuboNoNested/logs/LoopBenchmarks_BuboOn.log,184108792112,151,LoopBenchmarks.main(String[])-Re-Comp,"2:-1,3:-1,4:-1,0:-1,1:0",2,76
bubo_runs23_BuboNoNested,NoNested,LoopBenchmarks,/home/hb478/repos/BuboExperiments/BuboLoopObserverEffect/bubo_runs23_BuboNoNested/logs/LoopBenchmarks_BuboOn.log,184108792112,151,LoopBenchmarks.main(String[])-Re-Comp,"2:-1,3:-1,4:-1,0:-1,1:0",3,118
bubo_runs23_BuboNoNested,NoNested,LoopBenchmarks,/home/hb478/repos/BuboExperiments/BuboLoopObserverEffect/bubo_runs23_BuboNoNested/logs/LoopBenchmarks_BuboOn.log,184108792112,151,LoopBenchmarks.main(String[])-Re-Comp,"2:-1,3:-1,4:-1,0:-1,1:0",4,122
bubo_runs23_BuboNoNested,NoNested,LoopBenchmarks,/home/hb478/repos/BuboExperiments/BuboLoopObserverEffect/bubo_runs23_BuboNoNested/logs/LoopBenchmarks_BuboOn.log,184108792112,152,"LoopBenchmarks.matrixMultiplyLoop(double[][],","5:-1,3:-1,4:3,0:-1,1:0,2:1",0,7322782
bubo_runs23_BuboNoNested,NoNested,LoopBenchmarks,/home/hb478/repos/BuboExperiments/BuboLoopObserverEffect/bubo_runs23_BuboNoNested/logs/LoopBenchmarks_BuboOn.log,184108792112,152,"LoopBenchmarks.matrixMultiplyLoop(double[][],","5:-1,3:-1,4:3,0:-1,1:0,2:1",3,95906
bubo_runs23_BuboNoNested,NoNested,LoopBenchmarks,/home/hb478/repos/BuboExperiments/BuboLoopObserverEffect/bubo_runs23_BuboNoNested/logs/LoopBenchmarks_BuboOn.log,184108792112,152,"LoopBenchmarks.matrixMultiplyLoop(double[][],","5:-1,3:-1,4:3,0:-1,1:0,2:1",5,1938
bubo_runs23_BuboNoNested,NoNested,LoopBenchmarks,/home/hb478/repos/BuboExperiments/BuboLoopObserverEffect/bubo_runs23_BuboNoNested/logs/LoopBenchmarks_BuboOn.log,184108792112,153,"LoopBenchmarks.matrixMultiplyLoop(double[][],-Re-Comp","0:-1,1:0,2:1",0,9921658620
bubo_runs23_BuboNoNested,NoNested,LoopBenchmarks,/home/hb478/repos/BuboExperiments/BuboLoopObserverEffect/bubo_runs23_BuboNoNested/logs/LoopBenchmarks_BuboOn.log,184108792112,155,"LoopBenchmarks.sieveLoop(boolean[],","0:-1,1:-1,2:-1",0,70
bubo_runs23_BuboNoNested,NoNested,LoopBenchmarks,/home/hb478/repos/BuboExperiments/BuboLoopObserverEffect/bubo_runs23_BuboNoNested/logs/LoopBenchmarks_BuboOn.log,184108792112,156,"LoopBenchmarks.sieveLoop(boolean[],-Re-Comp","0:-1,4:-1,5:-1,1:-1,2:1,3:-1",0,29042
bubo_runs23_BuboNoNested,NoNested,LoopBenchmarks,/home/hb478/repos/BuboExperiments/BuboLoopObserverEffect/bubo_runs23_BuboNoNested/logs/LoopBenchmarks_BuboOn.log,184108792112,156,"LoopBenchmarks.sieveLoop(boolean[],-Re-Comp","0:-1,4:-1,5:-1,1:-1,2:1,3:-1",1,6145858452
bubo_runs23_BuboNoNested,NoNested,LoopBenchmarks,/home/hb478/repos/BuboExperiments/BuboLoopObserverEffect/bubo_runs23_BuboNoNested/logs/LoopBenchmarks_BuboOn.log,184108792112,156,"LoopBenchmarks.sieveLoop(boolean[],-Re-Comp","0:-1,4:-1,5:-1,1:-1,2:1,3:-1",3,3682165584
bubo_runs23_BuboNoNested,NoNested,LoopBenchmarks,/home/hb478/repos/BuboExperiments/BuboLoopObserverEffect/bubo_runs23_BuboNoNested/logs/LoopBenchmarks_BuboOn.log,184108792112,156,"LoopBenchmarks.sieveLoop(boolean[],-Re-Comp","0:-1,4:-1,5:-1,1:-1,2:1,3:-1",4,986312454
bubo_runs23_BuboNoNested,NoNested,LoopBenchmarks,/home/hb478/repos/BuboExperiments/BuboLoopObserverEffect/bubo_runs23_BuboNoNested/logs/LoopBenchmarks_BuboOn.log,184108792112,156,"LoopBenchmarks.sieveLoop(boolean[],-Re-Comp","0:-1,4:-1,5:-1,1:-1,2:1,3:-1",5,40422
bubo_runs23_BuboNoNested,NoNested,LoopBenchmarks,/home/hb478/repos/BuboExperiments/BuboLoopObserverEffect/bubo_runs23_BuboNoNested/logs/LoopBenchmarks_BuboOn.log,184108792112,157,"LoopBenchmarks.sieveLoop(boolean[],-Re-Comp",0:-1,0,1724740
bubo_runs23_BuboNoNested,NoNested,LoopBenchmarks,/home/hb478/repos/BuboExperiments/BuboLoopObserverEffect/bubo_runs23_BuboNoNested/logs/LoopBenchmarks_BuboOn.log,184108792112,158,"LoopBenchmarks.sieveLoop(boolean[],-Re-Comp","1:-1,0:-1,2:0",0,94
bubo_runs23_BuboNoNested,NoNested,LoopBenchmarks,/home/hb478/repos/BuboExperiments/BuboLoopObserverEffect/bubo_runs23_BuboNoNested/logs/LoopBenchmarks_BuboOn.log,184108792112,158,"LoopBenchmarks.sieveLoop(boolean[],-Re-Comp","1:-1,0:-1,2:0",1,1115542
bubo_runs23_BuboNoNested,NoNested,LoopBenchmarks,/home/hb478/repos/BuboExperiments/BuboLoopObserverEffect/bubo_runs23_BuboNoNested/logs/LoopBenchmarks_BuboOn.log,184108792112,159,"LoopBenchmarks.sieveLoop(boolean[],-Re-Comp","1:-1,0:-1,2:0",0,8943544
bubo_runs23_BuboNoNested,NoNested,LoopBenchmarks,/home/hb478/repos/BuboExperiments/BuboLoopObserverEffect/bubo_runs23_BuboNoNested/logs/LoopBenchmarks_BuboOn.log,184108792112,159,"LoopBenchmarks.sieveLoop(boolean[],-Re-Comp","1:-1,0:-1,2:0",1,671242
bubo_runs23_BuboNoNested,NoNested,LoopBenchmarks,/home/hb478/repos/BuboExperiments/BuboLoopObserverEffect/bubo_runs23_BuboNoNested/logs/LoopBenchmarks_BuboOn.log,184108792112,160,"LoopBenchmarks.sieveLoop(boolean[],-Re-Comp",0:-1,0,6791912
bubo_runs23_BuboNoNested,NoNested,LoopBenchmarks,/home/hb478/repos/BuboExperiments/BuboLoopObserverEffect/bubo_runs23_BuboNoNested/logs/LoopBenchmarks_BuboOn.log,184108792112,161,LoopBenchmarks.main(String[])-Re-Comp,"0:-1,1:-1,2:-1",0,76
bubo_runs23_BuboNoNested,NoNested,LoopBenchmarks,/home/hb478/repos/BuboExperiments/BuboLoopObserverEffect/bubo_runs23_BuboNoNested/logs/LoopBenchmarks_BuboOn.log,184108792112,162,"LoopBenchmarks.histogramLoop(int[],",0:-1,0,478836
bubo_runs23_BuboNoNested,NoNested,LoopBenchmarks,/home/hb478/repos/BuboExperiments/BuboLoopObserverEffect/bubo_runs23_BuboNoNested/logs/LoopBenchmarks_BuboOn.log,184108792112,163,"LoopBenchmarks.histogramLoop(int[],-Re-Comp","0:-1,1:-1",0,189924
bubo_runs23_BuboNoNested,NoNested,LoopBenchmarks,/home/hb478/repos/BuboExperiments/BuboLoopObserverEffect/bubo_runs23_BuboNoNested/logs/LoopBenchmarks_BuboOn.log,184108792112,163,"LoopBenchmarks.histogramLoop(int[],-Re-Comp","0:-1,1:-1",1,8822027776
bubo_runs23_BuboNoNested,NoNested,LoopBenchmarks,/home/hb478/repos/BuboExperiments/BuboLoopObserverEffect/bubo_runs23_BuboNoNested/logs/LoopBenchmarks_BuboOn.log,184108792112,164,"LoopBenchmarks.histogramLoop(int[],-Re-Comp",0:-1,0,28164240
bubo_runs23_BuboNoNested,NoNested,LoopBenchmarks,/home/hb478/repos/BuboExperiments/BuboLoopObserverEffect/bubo_runs23_BuboNoNested/logs/LoopBenchmarks_BuboOn.log,184108792112,165,LoopBenchmarks.main(String[])-Re-Comp,"0:-1,1:-1,2:-1",0,76
bubo_runs23_BuboNoNested,NoNested,LoopBenchmarks,/home/hb478/repos/BuboExperiments/BuboLoopObserverEffect/bubo_runs23_BuboNoNested/logs/LoopBenchmarks_BuboOn.log,184108792112,166,LoopBenchmarks.crc32Loop(byte[]),"1:-1,0:-1",0,23413212
bubo_runs23_BuboNoNested,NoNested,LoopBenchmarks,/home/hb478/repos/BuboExperiments/BuboLoopObserverEffect/bubo_runs23_BuboNoNested/logs/LoopBenchmarks_BuboOn.log,184108792112,166,LoopBenchmarks.crc32Loop(byte[]),"1:-1,0:-1",1,98
bubo_runs23_BuboNoNested,NoNested,LoopBenchmarks,/home/hb478/repos/BuboExperiments/BuboLoopObserverEffect/bubo_runs23_BuboNoNested/logs/LoopBenchmarks_BuboOn.log,184108792112,167,LoopBenchmarks.crc32Loop(byte[])-Re-Comp,0:-1,0,31553718344
bubo_runs23_BuboNoNested,NoNested,LoopBenchmarks,/home/hb478/repos/BuboExperiments/BuboLoopObserverEffect/bubo_runs23_BuboNoNested/logs/LoopBenchmarks_BuboOn.log,184108792112,168,"LoopBenchmarks.polynomialLoop(double[],","0:-1,1:-1,2:-1",0,72
bubo_runs23_BuboNoNested,NoNested,LoopBenchmarks,/home/hb478/repos/BuboExperiments/BuboLoopObserverEffect/bubo_runs23_BuboNoNested/logs/LoopBenchmarks_BuboOn.log,184108792112,168,"LoopBenchmarks.polynomialLoop(double[],","0:-1,1:-1,2:-1",1,14580
bubo_runs23_BuboNoNested,NoNested,LoopBenchmarks,/home/hb478/repos/BuboExperiments/BuboLoopObserverEffect/bubo_runs23_BuboNoNested/logs/LoopBenchmarks_BuboOn.log,184108792112,168,"LoopBenchmarks.polynomialLoop(double[],","0:-1,1:-1,2:-1",2,224
bubo_runs23_BuboNoNested,NoNested,LoopBenchmarks,/home/hb478/repos/BuboExperiments/BuboLoopObserverEffect/bubo_runs23_BuboNoNested/logs/LoopBenchmarks_BuboOn.log,184108792112,169,"LoopBenchmarks.polynomialLoop(double[],-Re-Comp","0:-1,1:-1,2:-1",0,768424
bubo_runs23_BuboNoNested,NoNested,LoopBenchmarks,/home/hb478/repos/BuboExperiments/BuboLoopObserverEffect/bubo_runs23_BuboNoNested/logs/LoopBenchmarks_BuboOn.log,184108792112,169,"LoopBenchmarks.polynomialLoop(double[],-Re-Comp","0:-1,1:-1,2:-1",1,169002110
bubo_runs23_BuboNoNested,NoNested,LoopBenchmarks,/home/hb478/repos/BuboExperiments/BuboLoopObserverEffect/bubo_runs23_BuboNoNested/logs/LoopBenchmarks_BuboOn.log,184108792112,169,"LoopBenchmarks.polynomialLoop(double[],-Re-Comp","0:-1,1:-1,2:-1",2,669240
bubo_runs23_BuboNoNested,NoNested,LoopBenchmarks,/home/hb478/repos/BuboExperiments/BuboLoopObserverEffect/bubo_runs23_BuboNoNested/logs/LoopBenchmarks_BuboOn.log,184108792112,170,LoopBenchmarks.main(String[])-Re-Comp,"1:-1,3:-1,4:-1,0:-1,2:0",0,9553833216
bubo_runs23_BuboNoNested,NoNested,LoopBenchmarks,/home/hb478/repos/BuboExperiments/BuboLoopObserverEffect/bubo_runs23_BuboNoNested/logs/LoopBenchmarks_BuboOn.log,184108792112,170,LoopBenchmarks.main(String[])-Re-Comp,"1:-1,3:-1,4:-1,0:-1,2:0",1,136
bubo_runs23_BuboNoNested,NoNested,LoopBenchmarks,/home/hb478/repos/BuboExperiments/BuboLoopObserverEffect/bubo_runs23_BuboNoNested/logs/LoopBenchmarks_BuboOn.log,184108792112,170,LoopBenchmarks.main(String[])-Re-Comp,"1:-1,3:-1,4:-1,0:-1,2:0",3,15860
bubo_runs23_BuboNoNested,NoNested,LoopBenchmarks,/home/hb478/repos/BuboExperiments/BuboLoopObserverEffect/bubo_runs23_BuboNoNested/logs/LoopBenchmarks_BuboOn.log,184108792112,170,LoopBenchmarks.main(String[])-Re-Comp,"1:-1,3:-1,4:-1,0:-1,2:0",4,88
bubo_runs23_BuboNoNested,NoNested,LoopBenchmarks,/home/hb478/repos/BuboExperiments/BuboLoopObserverEffect/bubo_runs23_BuboNoNested/logs/LoopBenchmarks_BuboOn.log,184108792112,172,"LoopBenchmarks.editDistanceLoop(char[],","2:-1,0:-1,1:0",0,7958
bubo_runs23_BuboNoNested,NoNested,LoopBenchmarks,/home/hb478/repos/BuboExperiments/BuboLoopObserverEffect/bubo_runs23_BuboNoNested/logs/LoopBenchmarks_BuboOn.log,184108792112,172,"LoopBenchmarks.editDistanceLoop(char[],","2:-1,0:-1,1:0",2,684
bubo_runs23_BuboNoNested,NoNested,LoopBenchmarks,/home/hb478/repos/BuboExperiments/BuboLoopObserverEffect/bubo_runs23_BuboNoNested/logs/LoopBenchmarks_BuboOn.log,184108792112,173,"LoopBenchmarks.editDistanceLoop(char[],-Re-Comp","5:-1,6:-1,0:-1,3:-1,4:-1,1:-1,2:1",0,139984078
bubo_runs23_BuboNoNested,NoNested,LoopBenchmarks,/home/hb478/repos/BuboExperiments/BuboLoopObserverEffect/bubo_runs23_BuboNoNested/logs/LoopBenchmarks_BuboOn.log,184108792112,173,"LoopBenchmarks.editDistanceLoop(char[],-Re-Comp","5:-1,6:-1,0:-1,3:-1,4:-1,1:-1,2:1",1,20542436516
bubo_runs23_BuboNoNested,NoNested,LoopBenchmarks,/home/hb478/repos/BuboExperiments/BuboLoopObserverEffect/bubo_runs23_BuboNoNested/logs/LoopBenchmarks_BuboOn.log,184108792112,173,"LoopBenchmarks.editDistanceLoop(char[],-Re-Comp","5:-1,6:-1,0:-1,3:-1,4:-1,1:-1,2:1",3,181169814
bubo_runs23_BuboNoNested,NoNested,LoopBenchmarks,/home/hb478/repos/BuboExperiments/BuboLoopObserverEffect/bubo_runs23_BuboNoNested/logs/LoopBenchmarks_BuboOn.log,184108792112,173,"LoopBenchmarks.editDistanceLoop(char[],-Re-Comp","5:-1,6:-1,0:-1,3:-1,4:-1,1:-1,2:1",4,186024686
bubo_runs23_BuboNoNested,NoNested,LoopBenchmarks,/home/hb478/repos/BuboExperiments/BuboLoopObserverEffect/bubo_runs23_BuboNoNested/logs/LoopBenchmarks_BuboOn.log,184108792112,173,"LoopBenchmarks.editDistanceLoop(char[],-Re-Comp","5:-1,6:-1,0:-1,3:-1,4:-1,1:-1,2:1",5,191055080
bubo_runs23_BuboNoNested,NoNested,LoopBenchmarks,/home/hb478/repos/BuboExperiments/BuboLoopObserverEffect/bubo_runs23_BuboNoNested/logs/LoopBenchmarks_BuboOn.log,184108792112,173,"LoopBenchmarks.editDistanceLoop(char[],-Re-Comp","5:-1,6:-1,0:-1,3:-1,4:-1,1:-1,2:1",6,188226820
bubo_runs23_BuboNoNested,NoNested,LoopBenchmarks,/home/hb478/repos/BuboExperiments/BuboLoopObserverEffect/bubo_runs23_BuboNoNested/logs/LoopBenchmarks_BuboOn.log,184108792112,174,LoopBenchmarks.main(String[])-Re-Comp,0:-1,0,22507714540
bubo_runs23_BuboNoNested,NoNested,LoopBenchmarks,/home/hb478/repos/BuboExperiments/BuboLoopObserverEffect/bubo_runs23_BuboNoNested/logs/LoopBenchmarks_BuboOn.log,184108792112,175,"LoopBenchmarks.monteCarloPiLoop(long,",0:-1,0,147740116
bubo_runs23_BuboNoNested,NoNested,LoopBenchmarks,/home/hb478/repos/BuboExperiments/BuboLoopObserverEffect/bubo_runs23_BuboNoNested/logs/LoopBenchmarks_BuboOn.log,184108792112,176,"LoopBenchmarks.monteCarloPiLoop(long,-Re-Comp",0:-1,0,15753182234
bubo_runs23_BuboNoNested,NoNested,LoopBenchmarks,/home/hb478/repos/BuboExperiments/BuboLoopObserverEffect/bubo_runs23_BuboNoNested/logs/LoopBenchmarks_BuboOn.log,184108792112,177,LoopBenchmarks.bubbleSortLoop(int[]),"2:-1,0:-1,1:0",0,42590692
bubo_runs23_BuboNoNested,NoNested,LoopBenchmarks,/home/hb478/repos/BuboExperiments/BuboLoopObserverEffect/bubo_runs23_BuboNoNested/logs/LoopBenchmarks_BuboOn.log,184108792112,177,LoopBenchmarks.bubbleSortLoop(int[]),"2:-1,0:-1,1:0",2,7454
bubo_runs23_BuboNoNested,NoNested,LoopBenchmarks,/home/hb478/repos/BuboExperiments/BuboLoopObserverEffect/bubo_runs23_BuboNoNested/logs/LoopBenchmarks_BuboOn.log,184108792112,178,LoopBenchmarks.bubbleSortLoop(int[])-Re-Comp,"0:-1,1:0",0,17506974714
bubo_runs23_BuboNoNested,NoNested,LoopBenchmarks,/home/hb478/repos/BuboExperiments/BuboLoopObserverEffect/bubo_runs23_BuboNoNested/logs/LoopBenchmarks_BuboOn.log,184108792112,179,LoopBenchmarks.main(String[])-Re-Comp,"2:-1,5:-1,6:-1,3:-1,4:3,0:-1,1:0",0,17419511128
bubo_runs23_BuboNoNested,NoNested,LoopBenchmarks,/home/hb478/repos/BuboExperiments/BuboLoopObserverEffect/bubo_runs23_BuboNoNested/logs/LoopBenchmarks_BuboOn.log,184108792112,179,LoopBenchmarks.main(String[])-Re-Comp,"2:-1,5:-1,6:-1,3:-1,4:3,0:-1,1:0",2,72
bubo_runs23_BuboNoNested,NoNested,LoopBenchmarks,/home/hb478/repos/BuboExperiments/BuboLoopObserverEffect/bubo_runs23_BuboNoNested/logs/LoopBenchmarks_BuboOn.log,184108792112,179,LoopBenchmarks.main(String[])-Re-Comp,"2:-1,5:-1,6:-1,3:-1,4:3,0:-1,1:0",3,45289310
bubo_runs23_BuboNoNested,NoNested,LoopBenchmarks,/home/hb478/repos/BuboExperiments/BuboLoopObserverEffect/bubo_runs23_BuboNoNested/logs/LoopBenchmarks_BuboOn.log,184108792112,179,LoopBenchmarks.main(String[])-Re-Comp,"2:-1,5:-1,6:-1,3:-1,4:3,0:-1,1:0",5,2714
bubo_runs23_BuboNoNested,NoNested,LoopBenchmarks,/home/hb478/repos/BuboExperiments/BuboLoopObserverEffect/bubo_runs23_BuboNoNested/logs/LoopBenchmarks_BuboOn.log,184108792112,179,LoopBenchmarks.main(String[])-Re-Comp,"2:-1,5:-1,6:-1,3:-1,4:3,0:-1,1:0",6,152
bubo_runs23_BuboNoNested,NoNested,LoopBenchmarks,/home/hb478/repos/BuboExperiments/BuboLoopObserverEffect/bubo_runs23_BuboNoNested/logs/LoopBenchmarks_BuboOn.log,184108792112,180,LoopBenchmarks.main(String[])-Re-Comp,"2:-1,3:-1,4:-1,0:-1,1:0",0,3186848
bubo_runs23_BuboNoNested,NoNested,LoopBenchmarks,/home/hb478/repos/BuboExperiments/BuboLoopObserverEffect/bubo_runs23_BuboNoNested/logs/LoopBenchmarks_BuboOn.log,184108792112,180,LoopBenchmarks.main(String[])-Re-Comp,"2:-1,3:-1,4:-1,0:-1,1:0",2,76
bubo_runs23_BuboNoNested,NoNested,LoopBenchmarks,/home/hb478/repos/BuboExperiments/BuboLoopObserverEffect/bubo_runs23_BuboNoNested/logs/LoopBenchmarks_BuboOn.log,184108792112,180,LoopBenchmarks.main(String[])-Re-Comp,"2:-1,3:-1,4:-1,0:-1,1:0",3,256
bubo_runs23_BuboNoNested,NoNested,LoopBenchmarks,/home/hb478/repos/BuboExperiments/BuboLoopObserverEffect/bubo_runs23_BuboNoNested/logs/LoopBenchmarks_BuboOn.log,184108792112,180,LoopBenchmarks.main(String[])-Re-Comp,"2:-1,3:-1,4:-1,0:-1,1:0",4,152
bubo_runs23_BuboNoNested,NoNested,LoopBenchmarks,/home/hb478/repos/BuboExperiments/BuboLoopObserverEffect/bubo_runs23_BuboNoNested/logs/LoopBenchmarks_BuboOn.log,184108792112,181,"LoopBenchmarks.blurLoop(int[][],","3:-1,2:-1,4:-1,5:-1,0:-1,1:0",0,12389500
bubo_runs23_BuboNoNested,NoNested,LoopBenchmarks,/home/hb478/repos/BuboExperiments/BuboLoopObserverEffect/bubo_runs23_BuboNoNested/logs/LoopBenchmarks_BuboOn.log,184108792112,181,"LoopBenchmarks.blurLoop(int[][],","3:-1,2:-1,4:-1,5:-1,0:-1,1:0",2,104
bubo_runs23_BuboNoNested,NoNested,LoopBenchmarks,/home/hb478/repos/BuboExperiments/BuboLoopObserverEffect/bubo_runs23_BuboNoNested/logs/LoopBenchmarks_BuboOn.log,184108792112,181,"LoopBenchmarks.blurLoop(int[][],","3:-1,2:-1,4:-1,5:-1,0:-1,1:0",3,52
bubo_runs23_BuboNoNested,NoNested,LoopBenchmarks,/home/hb478/repos/BuboExperiments/BuboLoopObserverEffect/bubo_runs23_BuboNoNested/logs/LoopBenchmarks_BuboOn.log,184108792112,181,"LoopBenchmarks.blurLoop(int[][],","3:-1,2:-1,4:-1,5:-1,0:-1,1:0",4,2270
bubo_runs23_BuboNoNested,NoNested,LoopBenchmarks,/home/hb478/repos/BuboExperiments/BuboLoopObserverEffect/bubo_runs23_BuboNoNested/logs/LoopBenchmarks_BuboOn.log,184108792112,181,"LoopBenchmarks.blurLoop(int[][],","3:-1,2:-1,4:-1,5:-1,0:-1,1:0",5,118
bubo_runs23_BuboNoNested,NoNested,LoopBenchmarks,/home/hb478/repos/BuboExperiments/BuboLoopObserverEffect/bubo_runs23_BuboNoNested/logs/LoopBenchmarks_BuboOn.log,184108792112,182,"LoopBenchmarks.blurLoop(int[][],-Re-Comp","0:-1,1:0,2:0,3:0",0,4959903754
bubo_runs23_BuboNoNested,NoNested,LoopBenchmarks,/home/hb478/repos/BuboExperiments/BuboLoopObserverEffect/bubo_runs23_BuboNoNested/logs/LoopBenchmarks_BuboOn.log,184108792112,186,LoopBenchmarks.main(String[])-Re-Comp,"0:-1,1:-1,2:-1",0,72
bubo_runs23_BuboNoNested,NoNested,LoopBenchmarks,/home/hb478/repos/BuboExperiments/BuboLoopObserverEffect/bubo_runs23_BuboNoNested/logs/LoopBenchmarks_BuboOn.log,184108792112,187,"LoopBenchmarks.base64EncodeLoop(byte[],",0:-1,0,1470110
bubo_runs23_BuboNoNested,NoNested,LoopBenchmarks,/home/hb478/repos/BuboExperiments/BuboLoopObserverEffect/bubo_runs23_BuboNoNested/logs/LoopBenchmarks_BuboOn.log,184108792112,188,"LoopBenchmarks.base64EncodeLoop(byte[],-Re-Comp","3:-1,0:-1,1:-1,2:-1",0,532758
bubo_runs23_BuboNoNested,NoNested,LoopBenchmarks,/home/hb478/repos/BuboExperiments/BuboLoopObserverEffect/bubo_runs23_BuboNoNested/logs/LoopBenchmarks_BuboOn.log,184108792112,188,"LoopBenchmarks.base64EncodeLoop(byte[],-Re-Comp","3:-1,0:-1,1:-1,2:-1",1,7581038276
bubo_runs23_BuboNoNested,NoNested,LoopBenchmarks,/home/hb478/repos/BuboExperiments/BuboLoopObserverEffect/bubo_runs23_BuboNoNested/logs/LoopBenchmarks_BuboOn.log,184108792112,188,"LoopBenchmarks.base64EncodeLoop(byte[],-Re-Comp","3:-1,0:-1,1:-1,2:-1",2,671044
bubo_runs23_BuboNoNested,NoNested,LoopBenchmarks,/home/hb478/repos/BuboExperiments/BuboLoopObserverEffect/bubo_runs23_BuboNoNested/logs/LoopBenchmarks_BuboOn.log,184108792112,188,"LoopBenchmarks.base64EncodeLoop(byte[],-Re-Comp","3:-1,0:-1,1:-1,2:-1",3,463600
bubo_runs23_BuboNoNested,NoNested,LoopBenchmarks,/home/hb478/repos/BuboExperiments/BuboLoopObserverEffect/bubo_runs23_BuboNoNested/logs/LoopBenchmarks_BuboOn.log,184108792112,189,LoopBenchmarks.main(String[])-Re-Comp,0:-1,0,2243288
bubo_runs23_BuboNoNested,NoNested,LoopBenchmarks,/home/hb478/repos/BuboExperiments/BuboLoopObserverEffect/bubo_runs23_BuboNoNested/logs/LoopBenchmarks_BuboOn.log,184108792112,190,"LoopBenchmarks.raySphereLoop(double[],",0:-1,0,1482728
bubo_runs23_BuboNoNested,NoNested,LoopBenchmarks,/home/hb478/repos/BuboExperiments/BuboLoopObserverEffect/bubo_runs23_BuboNoNested/logs/LoopBenchmarks_BuboOn.log,184108792112,191,"LoopBenchmarks.raySphereLoop(double[],-Re-Comp",0:-1,0,7716022660
bubo_runs23_BuboNoNested,NoNested,Mandelbrot,/home/hb478/repos/BuboExperiments/BuboLoopObserverEffect/bubo_runs23_BuboNoNested/logs/Mandelbrot_BuboOn.log,212492276848,52,java.util.ImmutableCollections$SetN$SetNIterator.next(),0:-1,0,383302
bubo_runs23_BuboNoNested,NoNested,Mandelbrot,/home/hb478/repos/BuboExperiments/BuboLoopObserverEffect/bubo_runs23_BuboNoNested/logs/Mandelbrot_BuboOn.log,212492276848,56,"java.util.HashMap.putVal(int,",0:-1,0,12016
bubo_runs23_BuboNoNested,NoNested,Mandelbrot,/home/hb478/repos/BuboExperiments/BuboLoopObserverEffect/bubo_runs23_BuboNoNested/logs/Mandelbrot_BuboOn.log,212492276848,57,java.lang.String.equals(Object),0:-1,0,10912
bubo_runs23_BuboNoNested,NoNested,Mandelbrot,/home/hb478/repos/BuboExperiments/BuboLoopObserverEffect/bubo_runs23_BuboNoNested/logs/Mandelbrot_BuboOn.log,212492276848,74,java.util.HashMap.resize(),"2:-1,0:-1,1:0",0,19566
bubo_runs23_BuboNoNested,NoNested,Mandelbrot,/home/hb478/repos/BuboExperiments/BuboLoopObserverEffect/bubo_runs23_BuboNoNested/logs/Mandelbrot_BuboOn.log,212492276848,74,java.util.HashMap.resize(),"2:-1,0:-1,1:0",2,15868
bubo_runs23_BuboNoNested,NoNested,Mandelbrot,/home/hb478/repos/BuboExperiments/BuboLoopObserverEffect/bubo_runs23_BuboNoNested/logs/Mandelbrot_BuboOn.log,212492276848,88,java.util.Properties$LineReader.readLine(),"5:-1,3:-1,4:3,0:-1,1:0,2:1",5,534
bubo_runs23_BuboNoNested,NoNested,Mandelbrot,/home/hb478/repos/BuboExperiments/BuboLoopObserverEffect/bubo_runs23_BuboNoNested/logs/Mandelbrot_BuboOn.log,212492276848,89,java.util.Properties$LineReader.readLine()-Re-Comp,"0:-1,1:0,2:1",0,389480
bubo_runs23_BuboNoNested,NoNested,Mandelbrot,/home/hb478/repos/BuboExperiments/BuboLoopObserverEffect/bubo_runs23_BuboNoNested/logs/Mandelbrot_BuboOn.log,212492276848,92,"jdk.internal.util.ArraysSupport.unsignedHashCode(int,","0:-1,1:-1,2:-1",0,54052
bubo_runs23_BuboNoNested,NoNested,Mandelbrot,/home/hb478/repos/BuboExperiments/BuboLoopObserverEffect/bubo_runs23_BuboNoNested/logs/Mandelbrot_BuboOn.log,212492276848,92,"jdk.internal.util.ArraysSupport.unsignedHashCode(int,","0:-1,1:-1,2:-1",1,106096
bubo_runs23_BuboNoNested,NoNested,Mandelbrot,/home/hb478/repos/BuboExperiments/BuboLoopObserverEffect/bubo_runs23_BuboNoNested/logs/Mandelbrot_BuboOn.log,212492276848,92,"jdk.internal.util.ArraysSupport.unsignedHashCode(int,","0:-1,1:-1,2:-1",2,89282
bubo_runs23_BuboNoNested,NoNested,Mandelbrot,/home/hb478/repos/BuboExperiments/BuboLoopObserverEffect/bubo_runs23_BuboNoNested/logs/Mandelbrot_BuboOn.log,212492276848,119,Mandelbrot.mandelbrot(int),"5:-1,3:-1,4:3,0:-1,1:0,2:1",0,427974588
bubo_runs23_BuboNoNested,NoNested,Mandelbrot,/home/hb478/repos/BuboExperiments/BuboLoopObserverEffect/bubo_runs23_BuboNoNested/logs/Mandelbrot_BuboOn.log,212492276848,119,Mandelbrot.mandelbrot(int),"5:-1,3:-1,4:3,0:-1,1:0,2:1",3,45466
bubo_runs23_BuboNoNested,NoNested,Mandelbrot,/home/hb478/repos/BuboExperiments/BuboLoopObserverEffect/bubo_runs23_BuboNoNested/logs/Mandelbrot_BuboOn.log,212492276848,119,Mandelbrot.mandelbrot(int),"5:-1,3:-1,4:3,0:-1,1:0,2:1",5,478
bubo_runs23_BuboNoNested,NoNested,Mandelbrot,/home/hb478/repos/BuboExperiments/BuboLoopObserverEffect/bubo_runs23_BuboNoNested/logs/Mandelbrot_BuboOn.log,212492276848,120,Mandelbrot.mandelbrot(int)-Re-Comp,"0:-1,1:0,2:1",0,211666484180
bubo_runs23_BuboNoNested,NoNested,Mandelbrot,/home/hb478/repos/BuboExperiments/BuboLoopObserverEffect/bubo_runs23_BuboNoNested/logs/Mandelbrot_BuboOn.log,212492276848,130,"java.lang.StringLatin1.equals(byte[],",0:-1,0,3036
bubo_runs23_BuboNoNested,NoNested,Mandelbrot,/home/hb478/repos/BuboExperiments/BuboLoopObserverEffect/bubo_runs23_BuboNoNested/logs/Mandelbrot_BuboOn.log,212492276848,142,"java.lang.StringLatin1.inflate(byte[],","0:-1,1:-1,2:-1",0,8536
bubo_runs23_BuboNoNested,NoNested,Mandelbrot,/home/hb478/repos/BuboExperiments/BuboLoopObserverEffect/bubo_runs23_BuboNoNested/logs/Mandelbrot_BuboOn.log,212492276848,142,"java.lang.StringLatin1.inflate(byte[],","0:-1,1:-1,2:-1",1,13586
bubo_runs23_BuboNoNested,NoNested,Mandelbrot,/home/hb478/repos/BuboExperiments/BuboLoopObserverEffect/bubo_runs23_BuboNoNested/logs/Mandelbrot_BuboOn.log,212492276848,142,"java.lang.StringLatin1.inflate(byte[],","0:-1,1:-1,2:-1",2,9180
bubo_runs23_BuboNoNested,NoNested,Mandelbrot,/home/hb478/repos/BuboExperiments/BuboLoopObserverEffect/bubo_runs23_BuboNoNested/logs/Mandelbrot_BuboOn.log,212492276848,143,"java.lang.StringCoding.implEncodeAsciiArray(char[],",0:-1,0,144
bubo_runs23_BuboNoNested,NoNested,Mandelbrot,/home/hb478/repos/BuboExperiments/BuboLoopObserverEffect/bubo_runs23_BuboNoNested/logs/Mandelbrot_BuboOn.log,212492276848,144,"java.lang.StringCoding.implEncodeAsciiArray(char[],-Re-Comp",0:-1,0,14688
bubo_runs23_BuboNoNested,NoNested,NBody,/home/hb478/repos/BuboExperiments/BuboLoopObserverEffect/bubo_runs23_BuboNoNested/logs/NBody_BuboOn.log,179888658584,52,java.util.ImmutableCollections$SetN$SetNIterator.next(),0:-1,0,350082
bubo_runs23_BuboNoNested,NoNested,NBody,/home/hb478/repos/BuboExperiments/BuboLoopObserverEffect/bubo_runs23_BuboNoNested/logs/NBody_BuboOn.log,179888658584,56,"java.util.HashMap.putVal(int,",0:-1,0,11326
bubo_runs23_BuboNoNested,NoNested,NBody,/home/hb478/repos/BuboExperiments/BuboLoopObserverEffect/bubo_runs23_BuboNoNested/logs/NBody_BuboOn.log,179888658584,57,java.lang.String.equals(Object),0:-1,0,8752
bubo_runs23_BuboNoNested,NoNested,NBody,/home/hb478/repos/BuboExperiments/BuboLoopObserverEffect/bubo_runs23_BuboNoNested/logs/NBody_BuboOn.log,179888658584,69,java.util.HashMap.resize(),"2:-1,0:-1,1:0",0,26424
bubo_runs23_BuboNoNested,NoNested,NBody,/home/hb478/repos/BuboExperiments/BuboLoopObserverEffect/bubo_runs23_BuboNoNested/logs/NBody_BuboOn.log,179888658584,69,java.util.HashMap.resize(),"2:-1,0:-1,1:0",2,16794
bubo_runs23_BuboNoNested,NoNested,NBody,/home/hb478/repos/BuboExperiments/BuboLoopObserverEffect/bubo_runs23_BuboNoNested/logs/NBody_BuboOn.log,179888658584,88,java.util.Properties$LineReader.readLine(),"5:-1,3:-1,4:3,0:-1,1:0,2:1",5,580
bubo_runs23_BuboNoNested,NoNested,NBody,/home/hb478/repos/BuboExperiments/BuboLoopObserverEffect/bubo_runs23_BuboNoNested/logs/NBody_BuboOn.log,179888658584,89,java.util.Properties$LineReader.readLine()-Re-Comp,"0:-1,1:0,2:1",0,372146
bubo_runs23_BuboNoNested,NoNested,NBody,/home/hb478/repos/BuboExperiments/BuboLoopObserverEffect/bubo_runs23_BuboNoNested/logs/NBody_BuboOn.log,179888658584,92,"jdk.internal.util.ArraysSupport.unsignedHashCode(int,","0:-1,1:-1,2:-1",0,54604
bubo_runs23_BuboNoNested,NoNested,NBody,/home/hb478/repos/BuboExperiments/BuboLoopObserverEffect/bubo_runs23_BuboNoNested/logs/NBody_BuboOn.log,179888658584,92,"jdk.internal.util.ArraysSupport.unsignedHashCode(int,","0:-1,1:-1,2:-1",1,105850
bubo_runs23_BuboNoNested,NoNested,NBody,/home/hb478/repos/BuboExperiments/BuboLoopObserverEffect/bubo_runs23_BuboNoNested/logs/NBody_BuboOn.log,179888658584,92,"jdk.internal.util.ArraysSupport.unsignedHashCode(int,","0:-1,1:-1,2:-1",2,89332
bubo_runs23_BuboNoNested,NoNested,NBody,/home/hb478/repos/BuboExperiments/BuboLoopObserverEffect/bubo_runs23_BuboNoNested/logs/NBody_BuboOn.log,179888658584,120,"java.lang.StringLatin1.equals(byte[],",0:-1,0,4160
bubo_runs23_BuboNoNested,NoNested,NBody,/home/hb478/repos/BuboExperiments/BuboLoopObserverEffect/bubo_runs23_BuboNoNested/logs/NBody_BuboOn.log,179888658584,134,nbody.NBodySystem.advance(double),"0:-1,1:0,2:-1",0,7649620
bubo_runs23_BuboNoNested,NoNested,NBody,/home/hb478/repos/BuboExperiments/BuboLoopObserverEffect/bubo_runs23_BuboNoNested/logs/NBody_BuboOn.log,179888658584,134,nbody.NBodySystem.advance(double),"0:-1,1:0,2:-1",2,1819040
bubo_runs23_BuboNoNested,NoNested,NBody,/home/hb478/repos/BuboExperiments/BuboLoopObserverEffect/bubo_runs23_BuboNoNested/logs/NBody_BuboOn.log,179888658584,135,NBody.innerBenchmarkLoop(int),"1:-1,2:1,3:-1,0:-1,4:0,5:4,6:0",0,387280006
bubo_runs23_BuboNoNested,NoNested,NBody,/home/hb478/repos/BuboExperiments/BuboLoopObserverEffect/bubo_runs23_BuboNoNested/logs/NBody_BuboOn.log,179888658584,135,NBody.innerBenchmarkLoop(int),"1:-1,2:1,3:-1,0:-1,4:0,5:4,6:0",1,882
bubo_runs23_BuboNoNested,NoNested,NBody,/home/hb478/repos/BuboExperiments/BuboLoopObserverEffect/bubo_runs23_BuboNoNested/logs/NBody_BuboOn.log,179888658584,135,NBody.innerBenchmarkLoop(int),"1:-1,2:1,3:-1,0:-1,4:0,5:4,6:0",3,132
bubo_runs23_BuboNoNested,NoNested,NBody,/home/hb478/repos/BuboExperiments/BuboLoopObserverEffect/bubo_runs23_BuboNoNested/logs/NBody_BuboOn.log,179888658584,136,NBody.innerBenchmarkLoop(int)-Re-Comp,0:-1,0,178947222698
bubo_runs23_BuboNoNested,NoNested,NBody,/home/hb478/repos/BuboExperiments/BuboLoopObserverEffect/bubo_runs23_BuboNoNested/logs/NBody_BuboOn.log,179888658584,157,"java.lang.StringLatin1.inflate(byte[],","0:-1,1:-1,2:-1",0,10564
bubo_runs23_BuboNoNested,NoNested,NBody,/home/hb478/repos/BuboExperiments/BuboLoopObserverEffect/bubo_runs23_BuboNoNested/logs/NBody_BuboOn.log,179888658584,157,"java.lang.StringLatin1.inflate(byte[],","0:-1,1:-1,2:-1",1,16170
bubo_runs23_BuboNoNested,NoNested,NBody,/home/hb478/repos/BuboExperiments/BuboLoopObserverEffect/bubo_runs23_BuboNoNested/logs/NBody_BuboOn.log,179888658584,157,"java.lang.StringLatin1.inflate(byte[],","0:-1,1:-1,2:-1",2,11812
bubo_runs23_BuboNoNested,NoNested,Sieve,/home/hb478/repos/BuboExperiments/BuboLoopObserverEffect/bubo_runs23_BuboNoNested/logs/Sieve_BuboOn.log,300918277226,52,java.util.ImmutableCollections$SetN$SetNIterator.next(),0:-1,0,365212
bubo_runs23_BuboNoNested,NoNested,Sieve,/home/hb478/repos/BuboExperiments/BuboLoopObserverEffect/bubo_runs23_BuboNoNested/logs/Sieve_BuboOn.log,300918277226,56,"java.util.HashMap.putVal(int,",0:-1,0,11124
bubo_runs23_BuboNoNested,NoNested,Sieve,/home/hb478/repos/BuboExperiments/BuboLoopObserverEffect/bubo_runs23_BuboNoNested/logs/Sieve_BuboOn.log,300918277226,57,java.lang.String.equals(Object),0:-1,0,8866
bubo_runs23_BuboNoNested,NoNested,Sieve,/home/hb478/repos/BuboExperiments/BuboLoopObserverEffect/bubo_runs23_BuboNoNested/logs/Sieve_BuboOn.log,300918277226,70,java.util.HashMap.resize(),"2:-1,0:-1,1:0",0,22956
bubo_runs23_BuboNoNested,NoNested,Sieve,/home/hb478/repos/BuboExperiments/BuboLoopObserverEffect/bubo_runs23_BuboNoNested/logs/Sieve_BuboOn.log,300918277226,70,java.util.HashMap.resize(),"2:-1,0:-1,1:0",2,16672
bubo_runs23_BuboNoNested,NoNested,Sieve,/home/hb478/repos/BuboExperiments/BuboLoopObserverEffect/bubo_runs23_BuboNoNested/logs/Sieve_BuboOn.log,300918277226,88,java.util.Properties$LineReader.readLine(),"5:-1,3:-1,4:3,0:-1,1:0,2:1",5,536
bubo_runs23_BuboNoNested,NoNested,Sieve,/home/hb478/repos/BuboExperiments/BuboLoopObserverEffect/bubo_runs23_BuboNoNested/logs/Sieve_BuboOn.log,300918277226,89,java.util.Properties$LineReader.readLine()-Re-Comp,"0:-1,1:0,2:1",0,375478
bubo_runs23_BuboNoNested,NoNested,Sieve,/home/hb478/repos/BuboExperiments/BuboLoopObserverEffect/bubo_runs23_BuboNoNested/logs/Sieve_BuboOn.log,300918277226,92,"jdk.internal.util.ArraysSupport.unsignedHashCode(int,","0:-1,1:-1,2:-1",0,54022
bubo_runs23_BuboNoNested,NoNested,Sieve,/home/hb478/repos/BuboExperiments/BuboLoopObserverEffect/bubo_runs23_BuboNoNested/logs/Sieve_BuboOn.log,300918277226,92,"jdk.internal.util.ArraysSupport.unsignedHashCode(int,","0:-1,1:-1,2:-1",1,105398
bubo_runs23_BuboNoNested,NoNested,Sieve,/home/hb478/repos/BuboExperiments/BuboLoopObserverEffect/bubo_runs23_BuboNoNested/logs/Sieve_BuboOn.log,300918277226,92,"jdk.internal.util.ArraysSupport.unsignedHashCode(int,","0:-1,1:-1,2:-1",2,88224
bubo_runs23_BuboNoNested,NoNested,Sieve,/home/hb478/repos/BuboExperiments/BuboLoopObserverEffect/bubo_runs23_BuboNoNested/logs/Sieve_BuboOn.log,300918277226,119,"Sieve.sieve(boolean[],","1:-1,0:-1,2:0",0,52854
bubo_runs23_BuboNoNested,NoNested,Sieve,/home/hb478/repos/BuboExperiments/BuboLoopObserverEffect/bubo_runs23_BuboNoNested/logs/Sieve_BuboOn.log,300918277226,119,"Sieve.sieve(boolean[],","1:-1,0:-1,2:0",1,2114
bubo_runs23_BuboNoNested,NoNested,Sieve,/home/hb478/repos/BuboExperiments/BuboLoopObserverEffect/bubo_runs23_BuboNoNested/logs/Sieve_BuboOn.log,300918277226,120,"Sieve.sieve(boolean[],-Re-Comp","0:-1,1:0",0,353973184
bubo_runs23_BuboNoNested,NoNested,Sieve,/home/hb478/repos/BuboExperiments/BuboLoopObserverEffect/bubo_runs23_BuboNoNested/logs/Sieve_BuboOn.log,300918277226,121,"java.util.Arrays.fill(boolean[],","0:-1,1:-1,2:-1",0,70
bubo_runs23_BuboNoNested,NoNested,Sieve,/home/hb478/repos/BuboExperiments/BuboLoopObserverEffect/bubo_runs23_BuboNoNested/logs/Sieve_BuboOn.log,300918277226,121,"java.util.Arrays.fill(boolean[],","0:-1,1:-1,2:-1",1,4982
bubo_runs23_BuboNoNested,NoNested,Sieve,/home/hb478/repos/BuboExperiments/BuboLoopObserverEffect/bubo_runs23_BuboNoNested/logs/Sieve_BuboOn.log,300918277226,121,"java.util.Arrays.fill(boolean[],","0:-1,1:-1,2:-1",2,130
bubo_runs23_BuboNoNested,NoNested,Sieve,/home/hb478/repos/BuboExperiments/BuboLoopObserverEffect/bubo_runs23_BuboNoNested/logs/Sieve_BuboOn.log,300918277226,122,"java.util.Arrays.fill(boolean[],-Re-Comp","0:-1,1:-1,2:-1",0,343842
bubo_runs23_BuboNoNested,NoNested,Sieve,/home/hb478/repos/BuboExperiments/BuboLoopObserverEffect/bubo_runs23_BuboNoNested/logs/Sieve_BuboOn.log,300918277226,122,"java.util.Arrays.fill(boolean[],-Re-Comp","0:-1,1:-1,2:-1",1,34897826
bubo_runs23_BuboNoNested,NoNested,Sieve,/home/hb478/repos/BuboExperiments/BuboLoopObserverEffect/bubo_runs23_BuboNoNested/logs/Sieve_BuboOn.log,300918277226,122,"java.util.Arrays.fill(boolean[],-Re-Comp","0:-1,1:-1,2:-1",2,396126
bubo_runs23_BuboNoNested,NoNested,Sieve,/home/hb478/repos/BuboExperiments/BuboLoopObserverEffect/bubo_runs23_BuboNoNested/logs/Sieve_BuboOn.log,300918277226,125,Sieve.benchmark(),"0:-1,3:-1,4:-1,1:-1,2:1",0,698580
bubo_runs23_BuboNoNested,NoNested,Sieve,/home/hb478/repos/BuboExperiments/BuboLoopObserverEffect/bubo_runs23_BuboNoNested/logs/Sieve_BuboOn.log,300918277226,125,Sieve.benchmark(),"0:-1,3:-1,4:-1,1:-1,2:1",1,753183274
bubo_runs23_BuboNoNested,NoNested,Sieve,/home/hb478/repos/BuboExperiments/BuboLoopObserverEffect/bubo_runs23_BuboNoNested/logs/Sieve_BuboOn.log,300918277226,125,Sieve.benchmark(),"0:-1,3:-1,4:-1,1:-1,2:1",3,69768904
bubo_runs23_BuboNoNested,NoNested,Sieve,/home/hb478/repos/BuboExperiments/BuboLoopObserverEffect/bubo_runs23_BuboNoNested/logs/Sieve_BuboOn.log,300918277226,125,Sieve.benchmark(),"0:-1,3:-1,4:-1,1:-1,2:1",4,1146380
bubo_runs23_BuboNoNested,NoNested,Sieve,/home/hb478/repos/BuboExperiments/BuboLoopObserverEffect/bubo_runs23_BuboNoNested/logs/Sieve_BuboOn.log,300918277226,136,"java.lang.StringLatin1.equals(byte[],",0:-1,0,3278
bubo_runs23_BuboNoNested,NoNested,Sieve,/home/hb478/repos/BuboExperiments/BuboLoopObserverEffect/bubo_runs23_BuboNoNested/logs/Sieve_BuboOn.log,300918277226,140,Benchmark.innerBenchmarkLoop(int),"1:-1,7:-1,8:-1,2:-1,3:2,0:-1,4:0,9:0,10:0,5:0,6:5",0,555479800
bubo_runs23_BuboNoNested,NoNested,Sieve,/home/hb478/repos/BuboExperiments/BuboLoopObserverEffect/bubo_runs23_BuboNoNested/logs/Sieve_BuboOn.log,300918277226,140,Benchmark.innerBenchmarkLoop(int),"1:-1,7:-1,8:-1,2:-1,3:2,0:-1,4:0,9:0,10:0,5:0,6:5",1,74
bubo_runs23_BuboNoNested,NoNested,Sieve,/home/hb478/repos/BuboExperiments/BuboLoopObserverEffect/bubo_runs23_BuboNoNested/logs/Sieve_BuboOn.log,300918277226,140,Benchmark.innerBenchmarkLoop(int),"1:-1,7:-1,8:-1,2:-1,3:2,0:-1,4:0,9:0,10:0,5:0,6:5",2,67582
bubo_runs23_BuboNoNested,NoNested,Sieve,/home/hb478/repos/BuboExperiments/BuboLoopObserverEffect/bubo_runs23_BuboNoNested/logs/Sieve_BuboOn.log,300918277226,140,Benchmark.innerBenchmarkLoop(int),"1:-1,7:-1,8:-1,2:-1,3:2,0:-1,4:0,9:0,10:0,5:0,6:5",7,5092
bubo_runs23_BuboNoNested,NoNested,Sieve,/home/hb478/repos/BuboExperiments/BuboLoopObserverEffect/bubo_runs23_BuboNoNested/logs/Sieve_BuboOn.log,300918277226,140,Benchmark.innerBenchmarkLoop(int),"1:-1,7:-1,8:-1,2:-1,3:2,0:-1,4:0,9:0,10:0,5:0,6:5",8,122
bubo_runs23_BuboNoNested,NoNested,Sieve,/home/hb478/repos/BuboExperiments/BuboLoopObserverEffect/bubo_runs23_BuboNoNested/logs/Sieve_BuboOn.log,300918277226,141,Benchmark.innerBenchmarkLoop(int)-Re-Comp,"0:-1,1:0,4:0,5:0,2:0,3:2",0,298543388710
bubo_runs23_BuboNoNested,NoNested,Sieve,/home/hb478/repos/BuboExperiments/BuboLoopObserverEffect/bubo_runs23_BuboNoNested/logs/Sieve_BuboOn.log,300918277226,150,"java.lang.StringLatin1.inflate(byte[],","0:-1,1:-1,2:-1",0,12764
bubo_runs23_BuboNoNested,NoNested,Sieve,/home/hb478/repos/BuboExperiments/BuboLoopObserverEffect/bubo_runs23_BuboNoNested/logs/Sieve_BuboOn.log,300918277226,150,"java.lang.StringLatin1.inflate(byte[],","0:-1,1:-1,2:-1",1,23706
bubo_runs23_BuboNoNested,NoNested,Sieve,/home/hb478/repos/BuboExperiments/BuboLoopObserverEffect/bubo_runs23_BuboNoNested/logs/Sieve_BuboOn.log,300918277226,150,"java.lang.StringLatin1.inflate(byte[],","0:-1,1:-1,2:-1",2,15204
