CompId,Method,LoopId,BaselineCyclesExclusive,SlowdownCyclesExclusive,PercentChangeCyclesExclusive,BaselineSharePercentExclusive
170,json.JsonPureStringParser.readArray(),0,319186471962,549260402056,72.08135378663258,48.78777247712911
183,json.JsonPureStringParser.readObject(),0,219715028618,379080866990,72.53297117379984,33.58352489104573
222,Benchmark.innerBenchmarkLoop(int)-Re-Comp,0,75530720386,130221124806,72.40815940918411,11.54489906346824
161,json.JsonPureStringParser.readStringInternal(),0,23437091370,46771386720,99.5613960009919,3.5823682446710214
173,json.JsonPureStringParser.readNumber(),0,5645635624,10158381404,79.93335171713873,0.8629375318427607
161,json.JsonPureStringParser.readStringInternal(),1,3364080944,5953581920,76.97499017134231,0.5142010395417302
161,json.JsonPureStringParser.readStringInternal(),3,2514718150,2543277644,1.1356936362828574,0.384375616523351
